Date,Close,prediction,residual
2021-06-30 00:00:00+00:00,1.000216007232666,,
2021-07-01 00:00:00+00:00,1.0002260208129883,,
2021-07-02 00:00:00+00:00,1.0000330209732056,,
2021-07-03 00:00:00+00:00,0.9999560117721558,,
2021-07-04 00:00:00+00:00,0.9995009899139404,,
2021-07-05 00:00:00+00:00,1.0006669759750366,,
2021-07-06 00:00:00+00:00,1.0000900030136108,,
2021-07-07 00:00:00+00:00,1.000707983970642,,
2021-07-08 00:00:00+00:00,0.9998999834060669,,
2021-07-09 00:00:00+00:00,0.9996389746665955,,
2021-07-10 00:00:00+00:00,0.9999799728393555,,
2021-07-11 00:00:00+00:00,1.0002249479293823,,
2021-07-12 00:00:00+00:00,1.000270962715149,,
2021-07-13 00:00:00+00:00,0.9998999834060669,,
2021-07-14 00:00:00+00:00,1.0001349449157715,,
2021-07-15 00:00:00+00:00,0.9999470114707947,,
2021-07-16 00:00:00+00:00,1.0003730058670044,,
2021-07-17 00:00:00+00:00,1.0005520582199097,,
2021-07-18 00:00:00+00:00,1.00062096118927,,
2021-07-19 00:00:00+00:00,1.0000929832458496,,
2021-07-20 00:00:00+00:00,1.000296950340271,,
2021-07-21 00:00:00+00:00,1.0002659559249878,,
2021-07-22 00:00:00+00:00,1.0002169609069824,,
2021-07-23 00:00:00+00:00,1.0003260374069214,,
2021-07-24 00:00:00+00:00,1.0006979703903198,,
2021-07-25 00:00:00+00:00,1.000162959098816,,
2021-07-26 00:00:00+00:00,1.0002540349960327,,
2021-07-27 00:00:00+00:00,1.0001319646835327,,
2021-07-28 00:00:00+00:00,1.0001169443130493,,
2021-07-29 00:00:00+00:00,1.0002779960632324,,
2021-07-30 00:00:00+00:00,1.0002830028533936,,
2021-07-31 00:00:00+00:00,1.0002720355987549,,
2021-08-01 00:00:00+00:00,1.0003410577774048,,
2021-08-02 00:00:00+00:00,1.000540018081665,,
2021-08-03 00:00:00+00:00,1.0003039836883545,,
2021-08-04 00:00:00+00:00,1.0000940561294556,,
2021-08-05 00:00:00+00:00,1.0000970363616943,,
2021-08-06 00:00:00+00:00,1.0003819465637207,,
2021-08-07 00:00:00+00:00,1.0003859996795654,,
2021-08-08 00:00:00+00:00,1.0002490282058716,,
2021-08-09 00:00:00+00:00,1.0001529455184937,,
2021-08-10 00:00:00+00:00,1.0003149509429932,,
2021-08-11 00:00:00+00:00,1.000535011291504,,
2021-08-12 00:00:00+00:00,1.0005420446395874,,
2021-08-13 00:00:00+00:00,1.0002599954605103,,
2021-08-14 00:00:00+00:00,1.0005860328674316,,
2021-08-15 00:00:00+00:00,1.000643014907837,,
2021-08-16 00:00:00+00:00,1.0004379749298096,,
2021-08-17 00:00:00+00:00,1.0002189874649048,,
2021-08-18 00:00:00+00:00,1.000473976135254,,
2021-08-19 00:00:00+00:00,0.9996849894523621,,
2021-08-20 00:00:00+00:00,1.0006680488586426,,
2021-08-21 00:00:00+00:00,1.0007100105285645,,
2021-08-22 00:00:00+00:00,1.0008790493011475,,
2021-08-23 00:00:00+00:00,1.0008009672164917,,
2021-08-24 00:00:00+00:00,1.000262975692749,,
2021-08-25 00:00:00+00:00,1.000359058380127,,
2021-08-26 00:00:00+00:00,1.0004299879074097,,
2021-08-27 00:00:00+00:00,1.0003550052642822,,
2021-08-28 00:00:00+00:00,1.000627040863037,,
2021-08-29 00:00:00+00:00,1.0012249946594238,,
2021-08-30 00:00:00+00:00,1.0005079507827759,,
2021-08-31 00:00:00+00:00,1.0005290508270264,,
2021-09-01 00:00:00+00:00,1.0003210306167603,,
2021-09-02 00:00:00+00:00,1.0002809762954712,,
2021-09-03 00:00:00+00:00,1.0002199411392212,,
2021-09-04 00:00:00+00:00,1.000383973121643,,
2021-09-05 00:00:00+00:00,1.0002609491348267,,
2021-09-06 00:00:00+00:00,0.9998720288276672,,
2021-09-07 00:00:00+00:00,1.000493049621582,,
2021-09-08 00:00:00+00:00,1.0002399682998657,,
2021-09-09 00:00:00+00:00,1.0001460313796997,,
2021-09-10 00:00:00+00:00,1.0003199577331543,,
2021-09-11 00:00:00+00:00,1.000978946685791,,
2021-09-12 00:00:00+00:00,0.9996979832649231,,
2021-09-13 00:00:00+00:00,1.0002349615097046,,
2021-09-14 00:00:00+00:00,1.0004810094833374,,
2021-09-15 00:00:00+00:00,1.0004600286483765,,
2021-09-16 00:00:00+00:00,1.0004509687423706,,
2021-09-17 00:00:00+00:00,0.9996479749679565,,
2021-09-18 00:00:00+00:00,0.999472975730896,,
2021-09-19 00:00:00+00:00,1.0004420280456543,,
2021-09-20 00:00:00+00:00,0.9999160170555115,,
2021-09-21 00:00:00+00:00,1.0000879764556885,,
2021-09-22 00:00:00+00:00,1.000040054321289,,
2021-09-23 00:00:00+00:00,1.0005079507827759,,
2021-09-24 00:00:00+00:00,1.0008200407028198,,
2021-09-25 00:00:00+00:00,1.0009889602661133,,
2021-09-26 00:00:00+00:00,1.0007250308990479,,
2021-09-27 00:00:00+00:00,1.000512957572937,,
2021-09-28 00:00:00+00:00,1.000298023223877,,
2021-09-29 00:00:00+00:00,1.0002820491790771,,
2021-09-30 00:00:00+00:00,1.000154972076416,,
2021-10-01 00:00:00+00:00,1.0001779794692993,,
2021-10-02 00:00:00+00:00,1.00028395652771,,
2021-10-03 00:00:00+00:00,1.0002009868621826,,
2021-10-04 00:00:00+00:00,0.9998379945755005,,
2021-10-05 00:00:00+00:00,1.000440001487732,,
2021-10-06 00:00:00+00:00,1.0003169775009155,,
2021-10-07 00:00:00+00:00,1.0003750324249268,,
2021-10-08 00:00:00+00:00,1.000115990638733,,
2021-10-09 00:00:00+00:00,1.0000460147857666,,
2021-10-10 00:00:00+00:00,1.0010180473327637,,
2021-10-11 00:00:00+00:00,1.0006959438323975,,
2021-10-12 00:00:00+00:00,1.0000959634780884,,
2021-10-13 00:00:00+00:00,1.0000970363616943,,
2021-10-14 00:00:00+00:00,1.000033974647522,,
2021-10-15 00:00:00+00:00,0.9991520047187805,,
2021-10-16 00:00:00+00:00,1.000040054321289,,
2021-10-17 00:00:00+00:00,1.0002800226211548,,
2021-10-18 00:00:00+00:00,1.0000189542770386,,
2021-10-19 00:00:00+00:00,1.0001169443130493,,
2021-10-20 00:00:00+00:00,0.9999399781227112,,
2021-10-21 00:00:00+00:00,1.000022053718567,,
2021-10-22 00:00:00+00:00,0.999879002571106,,
2021-10-23 00:00:00+00:00,1.0008230209350586,,
2021-10-24 00:00:00+00:00,1.0002230405807495,,
2021-10-25 00:00:00+00:00,0.9993749856948853,,
2021-10-26 00:00:00+00:00,1.0002280473709106,,
2021-10-27 00:00:00+00:00,1.0007909536361694,,
2021-10-28 00:00:00+00:00,1.0004839897155762,,
2021-10-29 00:00:00+00:00,1.0000489950180054,,
2021-10-30 00:00:00+00:00,1.0005179643630981,,
2021-10-31 00:00:00+00:00,1.0003759860992432,,
2021-11-01 00:00:00+00:00,1.0002909898757935,,
2021-11-02 00:00:00+00:00,1.0008150339126587,,
2021-11-03 00:00:00+00:00,1.0006779432296753,,
2021-11-04 00:00:00+00:00,1.0008569955825806,,
2021-11-05 00:00:00+00:00,1.0015530586242676,,
2021-11-06 00:00:00+00:00,1.0014539957046509,,
2021-11-07 00:00:00+00:00,1.0015170574188232,,
2021-11-08 00:00:00+00:00,1.0004429817199707,,
2021-11-09 00:00:00+00:00,1.000201940536499,,
2021-11-10 00:00:00+00:00,1.0000970363616943,,
2021-11-11 00:00:00+00:00,1.0006439685821533,,
2021-11-12 00:00:00+00:00,1.0001139640808105,,
2021-11-13 00:00:00+00:00,1.0008480548858643,,
2021-11-14 00:00:00+00:00,1.0003670454025269,,
2021-11-15 00:00:00+00:00,1.0015020370483398,,
2021-11-16 00:00:00+00:00,1.0006749629974365,,
2021-11-17 00:00:00+00:00,1.0000629425048828,,
2021-11-18 00:00:00+00:00,0.999970018863678,,
2021-11-19 00:00:00+00:00,1.0008200407028198,,
2021-11-20 00:00:00+00:00,1.0003620386123657,,
2021-11-21 00:00:00+00:00,1.0008729696273804,,
2021-11-22 00:00:00+00:00,1.0004509687423706,,
2021-11-23 00:00:00+00:00,1.0001250505447388,,
2021-11-24 00:00:00+00:00,1.0006970167160034,,
2021-11-25 00:00:00+00:00,0.9996010065078735,,
2021-11-26 00:00:00+00:00,1.0003670454025269,,
2021-11-27 00:00:00+00:00,1.0010989904403687,,
2021-11-28 00:00:00+00:00,1.0001250505447388,,
2021-11-29 00:00:00+00:00,1.000525951385498,,
2021-11-30 00:00:00+00:00,1.0002859830856323,,
2021-12-01 00:00:00+00:00,1.0002549886703491,,
2021-12-02 00:00:00+00:00,1.0001740455627441,,
2021-12-03 00:00:00+00:00,1.0006170272827148,,
2021-12-04 00:00:00+00:00,1.0000070333480835,,
2021-12-05 00:00:00+00:00,1.0006300210952759,,
2021-12-06 00:00:00+00:00,1.0013619661331177,,
2021-12-07 00:00:00+00:00,1.000972032546997,,
2021-12-08 00:00:00+00:00,0.9993659853935242,,
2021-12-09 00:00:00+00:00,1.0008820295333862,,
2021-12-10 00:00:00+00:00,1.0017399787902832,,
2021-12-11 00:00:00+00:00,1.0005559921264648,,
2021-12-12 00:00:00+00:00,1.0010509490966797,,
2021-12-13 00:00:00+00:00,1.0001310110092163,,
2021-12-14 00:00:00+00:00,1.000648021697998,,
2021-12-15 00:00:00+00:00,1.0004019737243652,,
2021-12-16 00:00:00+00:00,1.0002599954605103,,
2021-12-17 00:00:00+00:00,1.000838041305542,,
2021-12-18 00:00:00+00:00,1.0001829862594604,,
2021-12-19 00:00:00+00:00,0.9999880194664001,,
2021-12-20 00:00:00+00:00,0.9989709854125977,,
2021-12-21 00:00:00+00:00,1.000396966934204,,
2021-12-22 00:00:00+00:00,1.000331997871399,,
2021-12-23 00:00:00+00:00,1.0003880262374878,,
2021-12-24 00:00:00+00:00,1.0012019872665405,,
2021-12-25 00:00:00+00:00,0.9999229907989502,,
2021-12-26 00:00:00+00:00,1.0004489421844482,,
2021-12-27 00:00:00+00:00,0.9999439716339111,,
2021-12-28 00:00:00+00:00,1.0011680126190186,,
2021-12-29 00:00:00+00:00,1.0002939701080322,,
2021-12-30 00:00:00+00:00,1.0010360479354858,,
2021-12-31 00:00:00+00:00,1.000188946723938,,
2022-01-01 00:00:00+00:00,1.000499963760376,,
2022-01-02 00:00:00+00:00,1.0004600286483765,,
2022-01-03 00:00:00+00:00,1.0001649856567383,,
2022-01-04 00:00:00+00:00,1.0002080202102661,,
2022-01-05 00:00:00+00:00,1.0001219511032104,,
2022-01-06 00:00:00+00:00,1.000195026397705,,
2022-01-07 00:00:00+00:00,1.0002520084381104,,
2022-01-08 00:00:00+00:00,1.0000970363616943,,
2022-01-09 00:00:00+00:00,1.0002570152282715,,
2022-01-10 00:00:00+00:00,1.000180959701538,,
2022-01-11 00:00:00+00:00,1.0003620386123657,,
2022-01-12 00:00:00+00:00,1.000290036201477,,
2022-01-13 00:00:00+00:00,1.000404953956604,,
2022-01-14 00:00:00+00:00,1.0002830028533936,,
2022-01-15 00:00:00+00:00,1.000641942024231,,
2022-01-16 00:00:00+00:00,1.0004169940948486,,
2022-01-17 00:00:00+00:00,1.0003679990768433,,
2022-01-18 00:00:00+00:00,1.0004199743270874,,
2022-01-19 00:00:00+00:00,1.0004899501800537,,
2022-01-20 00:00:00+00:00,1.0002570152282715,,
2022-01-21 00:00:00+00:00,1.000177025794983,,
2022-01-22 00:00:00+00:00,1.0001579523086548,,
2022-01-23 00:00:00+00:00,1.0004910230636597,,
2022-01-24 00:00:00+00:00,1.0004390478134155,,
2022-01-25 00:00:00+00:00,1.0006040334701538,,
2022-01-26 00:00:00+00:00,1.0006300210952759,,
2022-01-27 00:00:00+00:00,1.0003440380096436,,
2022-01-28 00:00:00+00:00,1.00034499168396,,
2022-01-29 00:00:00+00:00,1.0003620386123657,,
2022-01-30 00:00:00+00:00,1.0003410577774048,,
2022-01-31 00:00:00+00:00,1.0004849433898926,,
2022-02-01 00:00:00+00:00,1.0004260540008545,,
2022-02-02 00:00:00+00:00,1.000380039215088,,
2022-02-03 00:00:00+00:00,1.0003859996795654,,
2022-02-04 00:00:00+00:00,1.0005630254745483,,
2022-02-05 00:00:00+00:00,1.000594973564148,,
2022-02-06 00:00:00+00:00,1.0006790161132812,,
2022-02-07 00:00:00+00:00,1.0005550384521484,,
2022-02-08 00:00:00+00:00,1.0006190538406372,,
2022-02-09 00:00:00+00:00,1.0007439851760864,,
2022-02-10 00:00:00+00:00,1.0007259845733643,,
2022-02-11 00:00:00+00:00,1.000722050666809,,
2022-02-12 00:00:00+00:00,1.000601053237915,,
2022-02-13 00:00:00+00:00,1.0004559755325317,,
2022-02-14 00:00:00+00:00,1.000512957572937,,
2022-02-15 00:00:00+00:00,1.0005849599838257,,
2022-02-16 00:00:00+00:00,1.000396966934204,,
2022-02-17 00:00:00+00:00,1.0005149841308594,,
2022-02-18 00:00:00+00:00,1.0005589723587036,,
2022-02-19 00:00:00+00:00,1.0005760192871094,,
2022-02-20 00:00:00+00:00,1.0004080533981323,,
2022-02-21 00:00:00+00:00,1.0005019903182983,,
2022-02-22 00:00:00+00:00,1.000704050064087,,
2022-02-23 00:00:00+00:00,1.0004980564117432,,
2022-02-24 00:00:00+00:00,1.0006359815597534,,
2022-02-25 00:00:00+00:00,1.000473976135254,,
2022-02-26 00:00:00+00:00,1.000396966934204,,
2022-02-27 00:00:00+00:00,1.0004910230636597,,
2022-02-28 00:00:00+00:00,1.0003509521484375,,
2022-03-01 00:00:00+00:00,1.0004520416259766,,
2022-03-02 00:00:00+00:00,1.0004669427871704,,
2022-03-03 00:00:00+00:00,1.0000170469284058,,
2022-03-04 00:00:00+00:00,1.0001970529556274,,
2022-03-05 00:00:00+00:00,1.0002750158309937,,
2022-03-06 00:00:00+00:00,1.0002440214157104,,
2022-03-07 00:00:00+00:00,1.0001230239868164,,
2022-03-08 00:00:00+00:00,1.0002820491790771,,
2022-03-09 00:00:00+00:00,1.0002939701080322,,
2022-03-10 00:00:00+00:00,1.0005650520324707,,
2022-03-11 00:00:00+00:00,1.0002000331878662,,
2022-03-12 00:00:00+00:00,1.000080943107605,,
2022-03-13 00:00:00+00:00,1.0001989603042603,,
2022-03-14 00:00:00+00:00,1.0002189874649048,,
2022-03-15 00:00:00+00:00,1.0003340244293213,,
2022-03-16 00:00:00+00:00,1.0004349946975708,,
2022-03-17 00:00:00+00:00,1.000499963760376,,
2022-03-18 00:00:00+00:00,1.0004830360412598,,
2022-03-19 00:00:00+00:00,1.0005099773406982,,
2022-03-20 00:00:00+00:00,1.000427007675171,,
2022-03-21 00:00:00+00:00,1.0003470182418823,,
2022-03-22 00:00:00+00:00,1.00033700466156,,
2022-03-23 00:00:00+00:00,1.0004090070724487,,
2022-03-24 00:00:00+00:00,1.000599980354309,,
2022-03-25 00:00:00+00:00,1.00040602684021,,
2022-03-26 00:00:00+00:00,1.0003609657287598,,
2022-03-27 00:00:00+00:00,1.0003759860992432,,
2022-03-28 00:00:00+00:00,1.0004119873046875,,
2022-03-29 00:00:00+00:00,1.0004500150680542,,
2022-03-30 00:00:00+00:00,1.0002779960632324,,
2022-03-31 00:00:00+00:00,1.0003039836883545,,
2022-04-01 00:00:00+00:00,1.000357985496521,,
2022-04-02 00:00:00+00:00,1.0003440380096436,,
2022-04-03 00:00:00+00:00,1.0002729892730713,,
2022-04-04 00:00:00+00:00,1.0002280473709106,,
2022-04-05 00:00:00+00:00,1.0001939535140991,,
2022-04-06 00:00:00+00:00,1.000154972076416,,
2022-04-07 00:00:00+00:00,1.0002620220184326,,
2022-04-08 00:00:00+00:00,1.0002880096435547,,
2022-04-09 00:00:00+00:00,1.000372052192688,,
2022-04-10 00:00:00+00:00,1.0002919435501099,,
2022-04-11 00:00:00+00:00,1.0003479719161987,,
2022-04-12 00:00:00+00:00,1.0004349946975708,,
2022-04-13 00:00:00+00:00,1.0002750158309937,,
2022-04-14 00:00:00+00:00,1.0001269578933716,,
2022-04-15 00:00:00+00:00,1.0002390146255493,,
2022-04-16 00:00:00+00:00,1.0002959966659546,,
2022-04-17 00:00:00+00:00,1.0003139972686768,,
2022-04-18 00:00:00+00:00,1.0002180337905884,,
2022-04-19 00:00:00+00:00,1.0003429651260376,,
2022-04-20 00:00:00+00:00,1.000201940536499,,
2022-04-21 00:00:00+00:00,1.0001569986343384,,
2022-04-22 00:00:00+00:00,1.0002340078353882,,
2022-04-23 00:00:00+00:00,1.0002280473709106,,
2022-04-24 00:00:00+00:00,1.0003440380096436,,
2022-04-25 00:00:00+00:00,1.0001449584960938,,
2022-04-26 00:00:00+00:00,1.000072956085205,,
2022-04-27 00:00:00+00:00,1.0001529455184937,,
2022-04-28 00:00:00+00:00,1.0001909732818604,,
2022-04-29 00:00:00+00:00,1.0000200271606445,,
2022-04-30 00:00:00+00:00,1.000154972076416,,
2022-05-01 00:00:00+00:00,1.0001130104064941,,
2022-05-02 00:00:00+00:00,0.9999549984931946,,
2022-05-03 00:00:00+00:00,1.0000449419021606,,
2022-05-04 00:00:00+00:00,1.0000380277633667,,
2022-05-05 00:00:00+00:00,0.9999880194664001,,
2022-05-06 00:00:00+00:00,0.9999819993972778,,
2022-05-07 00:00:00+00:00,0.9999210238456726,,
2022-05-08 00:00:00+00:00,0.9998540282249451,,
2022-05-09 00:00:00+00:00,0.999908983707428,,
2022-05-10 00:00:00+00:00,0.9997910261154175,,
2022-05-11 00:00:00+00:00,0.9958720207214355,,
2022-05-12 00:00:00+00:00,0.99760901927948,,
2022-05-13 00:00:00+00:00,0.9982389807701111,,
2022-05-14 00:00:00+00:00,0.9987800121307373,,
2022-05-15 00:00:00+00:00,0.9990689754486084,,
2022-05-16 00:00:00+00:00,0.9987789988517761,,
2022-05-17 00:00:00+00:00,0.9989089965820312,,
2022-05-18 00:00:00+00:00,0.9988020062446594,,
2022-05-19 00:00:00+00:00,0.9989709854125977,,
2022-05-20 00:00:00+00:00,0.9988179802894592,,
2022-05-21 00:00:00+00:00,0.9987930059432983,,
2022-05-22 00:00:00+00:00,0.9990659952163696,,
2022-05-23 00:00:00+00:00,0.9990879893302917,,
2022-05-24 00:00:00+00:00,0.9991070032119751,,
2022-05-25 00:00:00+00:00,0.9989759922027588,,
2022-05-26 00:00:00+00:00,0.9989070296287537,,
2022-05-27 00:00:00+00:00,0.9988629817962646,,
2022-05-28 00:00:00+00:00,0.9990019798278809,,
2022-05-29 00:00:00+00:00,0.9991779923439026,,
2022-05-30 00:00:00+00:00,0.9993759989738464,,
2022-05-31 00:00:00+00:00,0.9993879795074463,,
2022-06-01 00:00:00+00:00,0.9992600083351135,,
2022-06-02 00:00:00+00:00,0.9993169903755188,,
2022-06-03 00:00:00+00:00,0.9991700053215027,,
2022-06-04 00:00:00+00:00,0.9993129968643188,,
2022-06-05 00:00:00+00:00,0.9992960095405579,,
2022-06-06 00:00:00+00:00,0.9993109703063965,,
2022-06-07 00:00:00+00:00,0.9994140267372131,,
2022-06-08 00:00:00+00:00,0.9992619752883911,,
2022-06-09 00:00:00+00:00,0.99931401014328,,
2022-06-10 00:00:00+00:00,0.999180018901825,,
2022-06-11 00:00:00+00:00,0.9990249872207642,,
2022-06-12 00:00:00+00:00,0.9990800023078918,,
2022-06-13 00:00:00+00:00,0.9985939860343933,,
2022-06-14 00:00:00+00:00,0.9989539980888367,,
2022-06-15 00:00:00+00:00,0.9989420175552368,,
2022-06-16 00:00:00+00:00,0.9989299774169922,,
2022-06-17 00:00:00+00:00,0.9990360140800476,,
2022-06-18 00:00:00+00:00,0.9986670017242432,,
2022-06-19 00:00:00+00:00,0.9989690184593201,,
2022-06-20 00:00:00+00:00,0.9989569783210754,,
2022-06-21 00:00:00+00:00,0.9990940093994141,,
2022-06-22 00:00:00+00:00,0.9990950226783752,,
2022-06-23 00:00:00+00:00,0.9992799758911133,,
2022-06-24 00:00:00+00:00,0.9993249773979187,,
2022-06-25 00:00:00+00:00,0.9995480179786682,,
2022-06-26 00:00:00+00:00,0.9993979930877686,,
2022-06-27 00:00:00+00:00,0.9990919828414917,,
2022-06-28 00:00:00+00:00,0.9988319873809814,,
2022-06-29 00:00:00+00:00,0.9988840222358704,,
2022-06-30 00:00:00+00:00,0.9988189935684204,,
2022-07-01 00:00:00+00:00,0.9988669753074646,,
2022-07-02 00:00:00+00:00,0.998960018157959,,
2022-07-03 00:00:00+00:00,0.9990779757499695,,
2022-07-04 00:00:00+00:00,0.9991090297698975,,
2022-07-05 00:00:00+00:00,0.9990919828414917,,
2022-07-06 00:00:00+00:00,0.999098002910614,,
2022-07-07 00:00:00+00:00,0.9994459748268127,,
2022-07-08 00:00:00+00:00,0.9994180202484131,,
2022-07-09 00:00:00+00:00,0.999538004398346,,
2022-07-10 00:00:00+00:00,0.9994649887084961,,
2022-07-11 00:00:00+00:00,0.9992250204086304,,
2022-07-12 00:00:00+00:00,0.9993429780006409,,
2022-07-13 00:00:00+00:00,0.9993839859962463,,
2022-07-14 00:00:00+00:00,0.9994069933891296,,
2022-07-15 00:00:00+00:00,0.999705970287323,,
2022-07-16 00:00:00+00:00,0.9997739791870117,,
2022-07-17 00:00:00+00:00,0.9997339844703674,,
2022-07-18 00:00:00+00:00,0.9997770190238953,,
2022-07-19 00:00:00+00:00,1.0000920295715332,,
2022-07-20 00:00:00+00:00,1.000067949295044,,
2022-07-21 00:00:00+00:00,1.0000799894332886,,
2022-07-22 00:00:00+00:00,1.0000519752502441,,
2022-07-23 00:00:00+00:00,1.0000360012054443,,
2022-07-24 00:00:00+00:00,1.000035047531128,,
2022-07-25 00:00:00+00:00,1.0000619888305664,,
2022-07-26 00:00:00+00:00,1.000046968460083,,
2022-07-27 00:00:00+00:00,1.0002739429473877,,
2022-07-28 00:00:00+00:00,1.0002000331878662,,
2022-07-29 00:00:00+00:00,1.000311017036438,,
2022-07-30 00:00:00+00:00,1.000288963317871,,
2022-07-31 00:00:00+00:00,1.0003279447555542,,
2022-08-01 00:00:00+00:00,1.0002039670944214,,
2022-08-02 00:00:00+00:00,1.0001590251922607,,
2022-08-03 00:00:00+00:00,1.0002039670944214,,
2022-08-04 00:00:00+00:00,1.0001330375671387,,
2022-08-05 00:00:00+00:00,1.0000419616699219,,
2022-08-06 00:00:00+00:00,1.0001250505447388,,
2022-08-07 00:00:00+00:00,1.0001440048217773,,
2022-08-08 00:00:00+00:00,1.000177025794983,,
2022-08-09 00:00:00+00:00,1.0002089738845825,,
2022-08-10 00:00:00+00:00,1.0002529621124268,,
2022-08-11 00:00:00+00:00,1.00040602684021,,
2022-08-12 00:00:00+00:00,1.0003360509872437,,
2022-08-13 00:00:00+00:00,1.0003759860992432,,
2022-08-14 00:00:00+00:00,1.000270962715149,,
2022-08-15 00:00:00+00:00,1.0001740455627441,,
2022-08-16 00:00:00+00:00,1.0001150369644165,,
2022-08-17 00:00:00+00:00,1.000072956085205,,
2022-08-18 00:00:00+00:00,0.9999989867210388,,
2022-08-19 00:00:00+00:00,1.000059962272644,,
2022-08-20 00:00:00+00:00,0.9999740123748779,,
2022-08-21 00:00:00+00:00,0.9999939799308777,,
2022-08-22 00:00:00+00:00,0.9999840259552002,,
2022-08-23 00:00:00+00:00,0.9999920129776001,,
2022-08-24 00:00:00+00:00,1.000038981437683,,
2022-08-25 00:00:00+00:00,1.0000799894332886,,
2022-08-26 00:00:00+00:00,1.0000430345535278,,
2022-08-27 00:00:00+00:00,1.0000189542770386,,
2022-08-28 00:00:00+00:00,1.0000280141830444,,
2022-08-29 00:00:00+00:00,1.0000319480895996,,
2022-08-30 00:00:00+00:00,1.000080943107605,,
2022-08-31 00:00:00+00:00,1.0000159740447998,,
2022-09-01 00:00:00+00:00,1.0000100135803223,,
2022-09-02 00:00:00+00:00,1.0000890493392944,,
2022-09-03 00:00:00+00:00,1.000074028968811,,
2022-09-04 00:00:00+00:00,1.00006103515625,,
2022-09-05 00:00:00+00:00,1.0000380277633667,,
2022-09-06 00:00:00+00:00,1.0000489950180054,,
2022-09-07 00:00:00+00:00,1.0001089572906494,,
2022-09-08 00:00:00+00:00,1.0001020431518555,,
2022-09-09 00:00:00+00:00,1.0002349615097046,,
2022-09-10 00:00:00+00:00,1.0002809762954712,,
2022-09-11 00:00:00+00:00,1.00027596950531,,
2022-09-12 00:00:00+00:00,1.0002039670944214,,
2022-09-13 00:00:00+00:00,1.0000250339508057,,
2022-09-14 00:00:00+00:00,1.000141978263855,,
2022-09-15 00:00:00+00:00,1.0000029802322388,,
2022-09-16 00:00:00+00:00,0.9999809861183167,,
2022-09-17 00:00:00+00:00,1.0000979900360107,,
2022-09-18 00:00:00+00:00,1.0000230073928833,,
2022-09-19 00:00:00+00:00,1.0001059770584106,,
2022-09-20 00:00:00+00:00,1.000059962272644,,
2022-09-21 00:00:00+00:00,1.0000859498977661,,
2022-09-22 00:00:00+00:00,0.9999840259552002,,
2022-09-23 00:00:00+00:00,0.9999809861183167,,
2022-09-24 00:00:00+00:00,1.0000499486923218,,
2022-09-25 00:00:00+00:00,1.000054955482483,,
2022-09-26 00:00:00+00:00,0.9999899864196777,,
2022-09-27 00:00:00+00:00,0.9999799728393555,,
2022-09-28 00:00:00+00:00,0.9999759793281555,,
2022-09-29 00:00:00+00:00,1.0000790357589722,,
2022-09-30 00:00:00+00:00,1.0000489950180054,,
2022-10-01 00:00:00+00:00,1.0000430345535278,,
2022-10-02 00:00:00+00:00,1.000059962272644,,
2022-10-03 00:00:00+00:00,1.0000890493392944,,
2022-10-04 00:00:00+00:00,1.000251054763794,,
2022-10-05 00:00:00+00:00,1.0001089572906494,,
2022-10-06 00:00:00+00:00,1.000143051147461,,
2022-10-07 00:00:00+00:00,1.0001219511032104,,
2022-10-08 00:00:00+00:00,1.0000829696655273,,
2022-10-09 00:00:00+00:00,1.0001579523086548,,
2022-10-10 00:00:00+00:00,1.0000180006027222,,
2022-10-11 00:00:00+00:00,0.9999009966850281,,
2022-10-12 00:00:00+00:00,0.9999920129776001,,
2022-10-13 00:00:00+00:00,1.0000790357589722,,
2022-10-14 00:00:00+00:00,1.000074028968811,,
2022-10-15 00:00:00+00:00,1.000087022781372,,
2022-10-16 00:00:00+00:00,1.0000569820404053,,
2022-10-17 00:00:00+00:00,1.00006902217865,,
2022-10-18 00:00:00+00:00,1.0001059770584106,,
2022-10-19 00:00:00+00:00,1.000059962272644,,
2022-10-20 00:00:00+00:00,0.9999939799308777,,
2022-10-21 00:00:00+00:00,1.0001230239868164,,
2022-10-22 00:00:00+00:00,1.0000849962234497,,
2022-10-23 00:00:00+00:00,1.0000770092010498,,
2022-10-24 00:00:00+00:00,1.0000569820404053,,
2022-10-25 00:00:00+00:00,1.0002080202102661,,
2022-10-26 00:00:00+00:00,1.0001989603042603,,
2022-10-27 00:00:00+00:00,1.0000920295715332,,
2022-10-28 00:00:00+00:00,1.0001460313796997,,
2022-10-29 00:00:00+00:00,1.0002260208129883,,
2022-10-30 00:00:00+00:00,1.0001790523529053,,
2022-10-31 00:00:00+00:00,0.9999470114707947,,
2022-11-01 00:00:00+00:00,0.9999240040779114,,
2022-11-02 00:00:00+00:00,0.9999960064888,,
2022-11-03 00:00:00+00:00,1.0000070333480835,,
2022-11-04 00:00:00+00:00,1.0000760555267334,,
2022-11-05 00:00:00+00:00,1.0001189708709717,,
2022-11-06 00:00:00+00:00,1.0000900030136108,,
2022-11-07 00:00:00+00:00,1.0000940561294556,,
2022-11-08 00:00:00+00:00,1.0000319480895996,,
2022-11-09 00:00:00+00:00,0.9986000061035156,,
2022-11-10 00:00:00+00:00,0.9978349804878235,,
2022-11-11 00:00:00+00:00,0.9982179999351501,,
2022-11-12 00:00:00+00:00,0.9986159801483154,,
2022-11-13 00:00:00+00:00,0.9987549781799316,,
2022-11-14 00:00:00+00:00,0.9990130066871643,,
2022-11-15 00:00:00+00:00,0.9991300106048584,,
2022-11-16 00:00:00+00:00,0.9992290139198303,,
2022-11-17 00:00:00+00:00,0.9994019865989685,,
2022-11-18 00:00:00+00:00,0.9991629719734192,,
2022-11-19 00:00:00+00:00,0.999101996421814,,
2022-11-20 00:00:00+00:00,0.9989820122718811,,
2022-11-21 00:00:00+00:00,0.9990890026092529,,
2022-11-22 00:00:00+00:00,0.9991570115089417,,
2022-11-23 00:00:00+00:00,0.9991940259933472,,
2022-11-24 00:00:00+00:00,0.9994210004806519,,
2022-11-25 00:00:00+00:00,0.9995779991149902,,
2022-11-26 00:00:00+00:00,0.9995740056037903,,
2022-11-27 00:00:00+00:00,0.9996039867401123,,
2022-11-28 00:00:00+00:00,0.9996619820594788,,
2022-11-29 00:00:00+00:00,0.9997439980506897,,
2022-11-30 00:00:00+00:00,1.0000150203704834,,
2022-12-01 00:00:00+00:00,1.0000439882278442,,
2022-12-02 00:00:00+00:00,1.0000649690628052,,
2022-12-03 00:00:00+00:00,1.00006103515625,,
2022-12-04 00:00:00+00:00,1.0001200437545776,,
2022-12-05 00:00:00+00:00,1.0000540018081665,,
2022-12-06 00:00:00+00:00,1.0000770092010498,,
2022-12-07 00:00:00+00:00,1.0000020265579224,,
2022-12-08 00:00:00+00:00,1.0001269578933716,,
2022-12-09 00:00:00+00:00,1.0000569820404053,,
2022-12-10 00:00:00+00:00,1.0000460147857666,,
2022-12-11 00:00:00+00:00,1.0000779628753662,,
2022-12-12 00:00:00+00:00,1.0001070499420166,,
2022-12-13 00:00:00+00:00,1.0000170469284058,,
2022-12-14 00:00:00+00:00,1.0001050233840942,,
2022-12-15 00:00:00+00:00,1.0000779628753662,,
2022-12-16 00:00:00+00:00,1.0001569986343384,,
2022-12-17 00:00:00+00:00,1.000161051750183,,
2022-12-18 00:00:00+00:00,1.000154972076416,,
2022-12-19 00:00:00+00:00,1.0000799894332886,,
2022-12-20 00:00:00+00:00,1.0001109838485718,,
2022-12-21 00:00:00+00:00,1.0000770092010498,,
2022-12-22 00:00:00+00:00,1.0000109672546387,,
2022-12-23 00:00:00+00:00,0.9999809861183167,,
2022-12-24 00:00:00+00:00,0.9999920129776001,,
2022-12-25 00:00:00+00:00,0.9999430179595947,,
2022-12-26 00:00:00+00:00,0.9999949932098389,,
2022-12-27 00:00:00+00:00,0.9998499751091003,,
2022-12-28 00:00:00+00:00,0.9996860027313232,,
2022-12-29 00:00:00+00:00,0.9997349977493286,,
2022-12-30 00:00:00+00:00,0.99965900182724,,
2022-12-31 00:00:00+00:00,0.9996740221977234,,
2023-01-01 00:00:00+00:00,0.9996920228004456,,
2023-01-02 00:00:00+00:00,0.999770998954773,,
2023-01-03 00:00:00+00:00,0.9997590184211731,,
2023-01-04 00:00:00+00:00,0.999763011932373,,
2023-01-05 00:00:00+00:00,0.9996970295906067,,
2023-01-06 00:00:00+00:00,0.9997379779815674,,
2023-01-07 00:00:00+00:00,0.9998959898948669,,
2023-01-08 00:00:00+00:00,0.9999570250511169,,
2023-01-09 00:00:00+00:00,0.9999989867210388,,
2023-01-10 00:00:00+00:00,1.000100016593933,,
2023-01-11 00:00:00+00:00,1.0000189542770386,,
2023-01-12 00:00:00+00:00,1.0000920295715332,,
2023-01-13 00:00:00+00:00,1.0002139806747437,,
2023-01-14 00:00:00+00:00,1.0001569986343384,,
2023-01-15 00:00:00+00:00,1.0003739595413208,,
2023-01-16 00:00:00+00:00,1.0001260042190552,,
2023-01-17 00:00:00+00:00,1.0001029968261719,,
2023-01-18 00:00:00+00:00,0.9999899864196777,,
2023-01-19 00:00:00+00:00,1.0000230073928833,,
2023-01-20 00:00:00+00:00,1.0001790523529053,,
2023-01-21 00:00:00+00:00,1.0002169609069824,,
2023-01-22 00:00:00+00:00,1.0002340078353882,,
2023-01-23 00:00:00+00:00,1.0002039670944214,,
2023-01-24 00:00:00+00:00,1.0001300573349,,
2023-01-25 00:00:00+00:00,1.0001749992370605,,
2023-01-26 00:00:00+00:00,1.000082015991211,,
2023-01-27 00:00:00+00:00,1.000182032585144,,
2023-01-28 00:00:00+00:00,1.0001939535140991,,
2023-01-29 00:00:00+00:00,1.0000989437103271,,
2023-01-30 00:00:00+00:00,1.0000929832458496,,
2023-01-31 00:00:00+00:00,1.0001169443130493,,
2023-02-01 00:00:00+00:00,1.0000979900360107,,
2023-02-02 00:00:00+00:00,1.0001399517059326,,
2023-02-03 00:00:00+00:00,1.0001310110092163,,
2023-02-04 00:00:00+00:00,1.000100016593933,,
2023-02-05 00:00:00+00:00,1.0001980066299438,,
2023-02-06 00:00:00+00:00,1.0001020431518555,,
2023-02-07 00:00:00+00:00,1.0000770092010498,,
2023-02-08 00:00:00+00:00,1.0001310110092163,,
2023-02-09 00:00:00+00:00,1.0001590251922607,,
2023-02-10 00:00:00+00:00,1.0001529455184937,,
2023-02-11 00:00:00+00:00,1.000162959098816,,
2023-02-12 00:00:00+00:00,1.0002100467681885,,
2023-02-13 00:00:00+00:00,1.000933051109314,,
2023-02-14 00:00:00+00:00,1.0004040002822876,,
2023-02-15 00:00:00+00:00,1.0002180337905884,,
2023-02-16 00:00:00+00:00,1.000162959098816,,
2023-02-17 00:00:00+00:00,1.0002210140228271,,
2023-02-18 00:00:00+00:00,1.000182032585144,,
2023-02-19 00:00:00+00:00,1.000236988067627,,
2023-02-20 00:00:00+00:00,1.0001870393753052,,
2023-02-21 00:00:00+00:00,1.0001319646835327,,
2023-02-22 00:00:00+00:00,1.0000989437103271,,
2023-02-23 00:00:00+00:00,1.0001239776611328,,
2023-02-24 00:00:00+00:00,1.0000699758529663,,
2023-02-25 00:00:00+00:00,1.0001319646835327,,
2023-02-26 00:00:00+00:00,1.000087022781372,,
2023-02-27 00:00:00+00:00,1.0001749992370605,,
2023-02-28 00:00:00+00:00,1.0001540184020996,,
2023-03-01 00:00:00+00:00,1.0001440048217773,,
2023-03-02 00:00:00+00:00,1.0000909566879272,,
2023-03-03 00:00:00+00:00,1.000100016593933,,
2023-03-04 00:00:00+00:00,1.0001139640808105,,
2023-03-05 00:00:00+00:00,1.0001070499420166,,
2023-03-06 00:00:00+00:00,1.0000109672546387,,
2023-03-07 00:00:00+00:00,1.000012993812561,,
2023-03-08 00:00:00+00:00,1.0000070333480835,,
2023-03-09 00:00:00+00:00,0.9999859929084778,,
2023-03-10 00:00:00+00:00,1.003046989440918,,
2023-03-11 00:00:00+00:00,1.0076899528503418,,
2023-03-12 00:00:00+00:00,1.0071489810943604,,
2023-03-13 00:00:00+00:00,1.0038700103759766,,
2023-03-14 00:00:00+00:00,1.0032470226287842,,
2023-03-15 00:00:00+00:00,1.0039459466934204,,
2023-03-16 00:00:00+00:00,1.0021339654922485,,
2023-03-17 00:00:00+00:00,1.0023260116577148,,
2023-03-18 00:00:00+00:00,1.0023369789123535,,
2023-03-19 00:00:00+00:00,1.0030070543289185,,
2023-03-20 00:00:00+00:00,1.0017900466918945,,
2023-03-21 00:00:00+00:00,1.0015360116958618,,
2023-03-22 00:00:00+00:00,1.0018789768218994,,
2023-03-23 00:00:00+00:00,1.0009599924087524,,
2023-03-24 00:00:00+00:00,1.0012589693069458,,
2023-03-25 00:00:00+00:00,1.0008480548858643,,
2023-03-26 00:00:00+00:00,1.000892996788025,,
2023-03-27 00:00:00+00:00,1.0002330541610718,,
2023-03-28 00:00:00+00:00,1.0003069639205933,,
2023-03-29 00:00:00+00:00,0.9999889731407166,,
2023-03-30 00:00:00+00:00,1.0000929832458496,,
2023-03-31 00:00:00+00:00,1.0001239776611328,,
2023-04-01 00:00:00+00:00,1.0003010034561157,,
2023-04-02 00:00:00+00:00,1.000236988067627,,
2023-04-03 00:00:00+00:00,1.0001829862594604,,
2023-04-04 00:00:00+00:00,1.0002139806747437,,
2023-04-05 00:00:00+00:00,1.0001300573349,,
2023-04-06 00:00:00+00:00,1.0005539655685425,,
2023-04-07 00:00:00+00:00,1.0006330013275146,,
2023-04-08 00:00:00+00:00,1.0004240274429321,,
2023-04-09 00:00:00+00:00,1.000458002090454,,
2023-04-10 00:00:00+00:00,1.0004370212554932,,
2023-04-11 00:00:00+00:00,1.0010299682617188,,
2023-04-12 00:00:00+00:00,1.0007209777832031,,
2023-04-13 00:00:00+00:00,1.0009770393371582,,
2023-04-14 00:00:00+00:00,1.000722050666809,,
2023-04-15 00:00:00+00:00,1.0007799863815308,,
2023-04-16 00:00:00+00:00,1.0005359649658203,,
2023-04-17 00:00:00+00:00,1.0005300045013428,,
2023-04-18 00:00:00+00:00,1.0004080533981323,,
2023-04-19 00:00:00+00:00,1.0005589723587036,,
2023-04-20 00:00:00+00:00,1.0002210140228271,,
2023-04-21 00:00:00+00:00,1.000141978263855,,
2023-04-22 00:00:00+00:00,1.0001850128173828,,
2023-04-23 00:00:00+00:00,1.0000230073928833,,
2023-04-24 00:00:00+00:00,1.000120997428894,,
2023-04-25 00:00:00+00:00,1.0001590251922607,,
2023-04-26 00:00:00+00:00,1.0002820491790771,,
2023-04-27 00:00:00+00:00,0.9999650120735168,,
2023-04-28 00:00:00+00:00,1.0006959438323975,,
2023-04-29 00:00:00+00:00,1.000601053237915,,
2023-04-30 00:00:00+00:00,1.0004379749298096,,
2023-05-01 00:00:00+00:00,1.0003290176391602,,
2023-05-02 00:00:00+00:00,1.0004340410232544,,
2023-05-03 00:00:00+00:00,1.000270962715149,,
2023-05-04 00:00:00+00:00,1.0004509687423706,,
2023-05-05 00:00:00+00:00,1.0010180473327637,,
2023-05-06 00:00:00+00:00,1.0018340349197388,,
2023-05-07 00:00:00+00:00,1.001541018486023,,
2023-05-08 00:00:00+00:00,1.0009260177612305,,
2023-05-09 00:00:00+00:00,1.000723958015442,,
2023-05-10 00:00:00+00:00,1.0008339881896973,,
2023-05-11 00:00:00+00:00,1.0007230043411255,,
2023-05-12 00:00:00+00:00,1.0005810260772705,,
2023-05-13 00:00:00+00:00,1.0005589723587036,,
2023-05-14 00:00:00+00:00,1.000512957572937,,
2023-05-15 00:00:00+00:00,1.0002620220184326,,
2023-05-16 00:00:00+00:00,1.000115990638733,,
2023-05-17 00:00:00+00:00,1.0000920295715332,,
2023-05-18 00:00:00+00:00,1.0000770092010498,,
2023-05-19 00:00:00+00:00,1.0002479553222656,,
2023-05-20 00:00:00+00:00,1.0003989934921265,,
2023-05-21 00:00:00+00:00,1.0001829862594604,,
2023-05-22 00:00:00+00:00,1.0002009868621826,,
2023-05-23 00:00:00+00:00,1.0001039505004883,,
2023-05-24 00:00:00+00:00,1.000038981437683,,
2023-05-25 00:00:00+00:00,1.0000460147857666,,
2023-05-26 00:00:00+00:00,1.0003440380096436,,
2023-05-27 00:00:00+00:00,1.0005040168762207,,
2023-05-28 00:00:00+00:00,1.0001729726791382,,
2023-05-29 00:00:00+00:00,1.0002440214157104,,
2023-05-30 00:00:00+00:00,1.0001529455184937,,
2023-05-31 00:00:00+00:00,1.0003340244293213,,
2023-06-01 00:00:00+00:00,1.0003340244293213,,
2023-06-02 00:00:00+00:00,1.0003830194473267,,
2023-06-03 00:00:00+00:00,1.0001590251922607,,
2023-06-04 00:00:00+00:00,1.0001510381698608,,
2023-06-05 00:00:00+00:00,1.0003060102462769,,
2023-06-06 00:00:00+00:00,1.0001740455627441,,
2023-06-07 00:00:00+00:00,1.0000660419464111,,
2023-06-08 00:00:00+00:00,1.000311017036438,,
2023-06-09 00:00:00+00:00,0.9999489784240723,,
2023-06-10 00:00:00+00:00,1.0004390478134155,,
2023-06-11 00:00:00+00:00,1.0003149509429932,,
2023-06-12 00:00:00+00:00,1.000054955482483,,
2023-06-13 00:00:00+00:00,0.999862015247345,,
2023-06-14 00:00:00+00:00,0.9998369812965393,,
2023-06-15 00:00:00+00:00,0.9991829991340637,,
2023-06-16 00:00:00+00:00,0.9993299841880798,,
2023-06-17 00:00:00+00:00,0.9997040033340454,,
2023-06-18 00:00:00+00:00,0.9998080134391785,,
2023-06-19 00:00:00+00:00,0.999862015247345,,
2023-06-20 00:00:00+00:00,1.000385046005249,,
2023-06-21 00:00:00+00:00,1.00005304813385,,
2023-06-22 00:00:00+00:00,1.0001840591430664,,
2023-06-23 00:00:00+00:00,1.000566005706787,,
2023-06-24 00:00:00+00:00,1.000520944595337,,
2023-06-25 00:00:00+00:00,1.0004650354385376,,
2023-06-26 00:00:00+00:00,1.0002119541168213,,
2023-06-27 00:00:00+00:00,1.000195026397705,,
2023-06-28 00:00:00+00:00,1.0000250339508057,,
2023-06-29 00:00:00+00:00,0.9998300075531006,,
2023-06-30 00:00:00+00:00,1.000080943107605,,
2023-07-01 00:00:00+00:00,1.000128984451294,0.9998592041268346,0.0002697803244593455
2023-07-02 00:00:00+00:00,1.0000849962234497,1.000219188674199,-0.00013419245074919317
2023-07-03 00:00:00+00:00,0.9999979734420776,0.9997647420303802,0.0002332314116973988
2023-07-04 00:00:00+00:00,1.0003010034561157,1.000386739931288,-8.573647517229332e-05
2023-07-05 00:00:00+00:00,1.0000940561294556,0.9996419040082513,0.0004521521212043078
2023-07-06 00:00:00+00:00,1.0002059936523438,1.0006092615789295,-0.0004032679265857375
2023-07-07 00:00:00+00:00,0.9999589920043945,0.9994193242963301,0.0005396677080644618
2023-07-08 00:00:00+00:00,1.0001870393753052,1.0009592988364988,-0.0007722594611936362
2023-07-09 00:00:00+00:00,1.0002039670944214,0.9991117602039638,0.0010922068904576365
2023-07-10 00:00:00+00:00,1.0000560283660889,1.0012935313204498,-0.0012375029543609806
2023-07-11 00:00:00+00:00,1.000072956085205,0.9994395857336212,0.0006333703515838396
2023-07-12 00:00:00+00:00,0.9999340176582336,1.0006002255362183,-0.0006662078779846592
2023-07-13 00:00:00+00:00,1.0003730058670044,1.0005742569089047,-0.00020125104190027443
2023-07-14 00:00:00+00:00,1.0007250308990479,0.9991355254369212,0.0015895054621266613
2023-07-15 00:00:00+00:00,1.0003650188446045,1.0019646671174216,-0.0015996482728171113
2023-07-16 00:00:00+00:00,1.0006070137023926,0.9993046567344522,0.0013023569679403435
2023-07-17 00:00:00+00:00,1.0002199411392212,1.001581408252402,-0.0013614671131807476
2023-07-18 00:00:00+00:00,1.0001579523086548,0.999692797194838,0.0004651551138168397
2023-07-19 00:00:00+00:00,1.0002299547195435,1.0010867859542871,-0.0008568312347436713
2023-07-20 00:00:00+00:00,1.0000790357589722,1.0000285581030852,5.047765588694908e-05
2023-07-21 00:00:00+00:00,1.000216007232666,1.000328615377978,-0.0001126081453119987
2023-07-22 00:00:00+00:00,0.9998610019683838,1.0002188512500332,-0.00035784928164939167
2023-07-23 00:00:00+00:00,0.9998970031738281,1.000370027389343,-0.0004730242155148723
2023-07-24 00:00:00+00:00,1.0000109672546387,1.0001603023548782,-0.00014933510023951158
2023-07-25 00:00:00+00:00,0.9998289942741394,1.0003848181820494,-0.0005558239079099803
2023-07-26 00:00:00+00:00,1.0001009702682495,1.0003639852382358,-0.00026301496998626384
2023-07-27 00:00:00+00:00,0.9995899796485901,1.000239160177604,-0.0006491805290138597
2023-07-28 00:00:00+00:00,1.0001059770584106,1.00045380304542,-0.00034782598700933143
2023-07-29 00:00:00+00:00,1.0000540018081665,1.0001757581235926,-0.00012175631542610255
2023-07-30 00:00:00+00:00,0.9998930096626282,1.0003748570454085,-0.00048184738278034267
2023-07-31 00:00:00+00:00,0.9999110102653503,1.000334059779274,-0.00042304951392369006
2023-08-01 00:00:00+00:00,0.9995219707489014,1.000181222382217,-0.000659251633315705
2023-08-02 00:00:00+00:00,0.9993259906768799,1.00044912133596,-0.001123130659080207
2023-08-03 00:00:00+00:00,0.9994480013847351,1.000173858577916,-0.0007258571931809676
2023-08-04 00:00:00+00:00,0.9986019730567932,1.000322878657502,-0.0017209056007088108
2023-08-05 00:00:00+00:00,0.9989830255508423,1.000359381747492,-0.001376356196649775
2023-08-06 00:00:00+00:00,0.9983819723129272,1.0001425734652487,-0.0017606011523214615
2023-08-07 00:00:00+00:00,0.9988179802894592,1.0004367347743848,-0.0016187544849255442
2023-08-08 00:00:00+00:00,0.9997180104255676,1.0001897945956495,-0.0004717841700818681
2023-08-09 00:00:00+00:00,0.9994249939918518,1.0002730586041797,-0.0008480646123278923
2023-08-10 00:00:00+00:00,0.9990119934082031,1.0003871638015736,-0.0013751703933704285
2023-08-11 00:00:00+00:00,0.9989690184593201,1.0001205960674193,-0.0011515776080992524
2023-08-12 00:00:00+00:00,0.9994530081748962,1.0004171979982213,-0.0009641898233250235
2023-08-13 00:00:00+00:00,0.9992499947547913,1.000219336348286,-0.0009693415934948213
2023-08-14 00:00:00+00:00,0.9991840124130249,1.0002275159114071,-0.0010435034983822256
2023-08-15 00:00:00+00:00,0.9989650249481201,1.0004108507882503,-0.0014458258401301993
2023-08-16 00:00:00+00:00,0.9988560080528259,1.000115166211902,-0.0012591581590761791
2023-08-17 00:00:00+00:00,1.0003859996795654,1.000389807917099,-3.8082375335424246e-06
2023-08-18 00:00:00+00:00,0.9998300075531006,1.000256352859365,-0.0004263453062645084
2023-08-19 00:00:00+00:00,0.9998599886894226,1.0001890803811961,-0.0003290916917735309
2023-08-20 00:00:00+00:00,0.9999949932098389,1.0004254747668457,-0.00043048155700686763
2023-08-21 00:00:00+00:00,0.9998350143432617,1.0001251155255915,-0.00029010118232974946
2023-08-22 00:00:00+00:00,0.9994660019874573,1.000387237995256,-0.0009212360077988091
2023-08-23 00:00:00+00:00,0.9998990297317505,1.000209225001065,-0.00031019526931452823
2023-08-24 00:00:00+00:00,0.999426007270813,1.0002829166574763,-0.0008569093866632738
2023-08-25 00:00:00+00:00,0.9994940161705017,1.0003796953671265,-0.0008856791966247446
2023-08-26 00:00:00+00:00,0.9995390176773071,1.0001984257463146,-0.0006594080690074389
2023-08-27 00:00:00+00:00,0.999521017074585,1.0003963144526116,-0.0008752973780266071
2023-08-28 00:00:00+00:00,0.9993270039558411,1.0002170836747837,-0.0008900797189426157
2023-08-29 00:00:00+00:00,1.0000380277633667,1.000338108421854,-0.0003000806584874116
2023-08-30 00:00:00+00:00,1.0001280307769775,1.000283335138185,-0.0001553043612074756
2023-08-31 00:00:00+00:00,0.9998459815979004,1.0002490810897433,-0.0004030994918429176
2023-09-01 00:00:00+00:00,0.9997119903564453,1.0003189157273178,-0.0006069253708724798
2023-09-02 00:00:00+00:00,1.0001330375671387,1.0002652439425448,-0.00013220637540611868
2023-09-03 00:00:00+00:00,0.9999740123748779,1.0002800490568542,-0.00030603668197626277
2023-09-04 00:00:00+00:00,0.9996449947357178,1.0003136186865926,-0.0006686239508748582
2023-09-05 00:00:00+00:00,0.9995840191841125,1.0002731652598824,-0.0006891460757698642
2023-09-06 00:00:00+00:00,0.9995520114898682,1.000307211009198,-0.0007551995193297856
2023-09-07 00:00:00+00:00,0.9997580051422119,1.0002860975799561,-0.0005280924377442098
2023-09-08 00:00:00+00:00,0.9997779726982117,1.0002951262738158,-0.0005171535756041123
2023-09-09 00:00:00+00:00,0.9997339844703674,1.0003020694044433,-0.0005680849340758964
2023-09-10 00:00:00+00:00,0.9996129870414734,1.0002901107152724,-0.0006771236737990183
2023-09-11 00:00:00+00:00,0.9997010231018066,1.0003103423337365,-0.0006093192319298613
2023-09-12 00:00:00+00:00,1.0000369548797607,1.0002956970081616,-0.000258742128400824
2023-09-13 00:00:00+00:00,1.0002429485321045,1.00031122079075,-6.827225864558528e-05
2023-09-14 00:00:00+00:00,1.0002599954605103,1.0003071130114072,-4.71175508969246e-05
2023-09-15 00:00:00+00:00,1.0003429651260376,1.0003104264571991,3.2538668838455465e-05
2023-09-16 00:00:00+00:00,1.000298023223877,1.0003181133997026,-2.009017582560446e-05
2023-09-17 00:00:00+00:00,1.0002919435501099,1.0003257836583082,-3.3840108198290864e-05
2023-09-18 00:00:00+00:00,1.0002379417419434,1.000328543307745,-9.060156580154022e-05
2023-09-19 00:00:00+00:00,1.000262975692749,1.0003288310391312,-6.585534638214874e-05
2023-09-20 00:00:00+00:00,1.0002069473266602,1.0003353384275302,-0.00012839110087004002
2023-09-21 00:00:00+00:00,0.9999859929084778,1.0003363772490332,-0.0003503843405554541
2023-09-22 00:00:00+00:00,1.0000089406967163,1.000340122567412,-0.00033118187069569593
2023-09-23 00:00:00+00:00,1.0000669956207275,1.00034216966189,-0.00027517404116239597
2023-09-24 00:00:00+00:00,1.0001349449157715,1.000344696409311,-0.00020975149353952283
2023-09-25 00:00:00+00:00,0.9997850060462952,1.0003487416434595,-0.0005637355971643832
2023-09-26 00:00:00+00:00,0.9996060132980347,1.0003493608354292,-0.0007433475373945786
2023-09-27 00:00:00+00:00,0.9993860125541687,1.0003530297717347,-0.0009670172175659797
2023-09-28 00:00:00+00:00,1.0000170469284058,1.0003541195952543,-0.0003370726668485702
2023-09-29 00:00:00+00:00,1.0000419616699219,1.0003564043184014,-0.0003144426484795737
2023-09-30 00:00:00+00:00,1.0002100467681885,1.0003584596830972,-0.00014841291490874653
2023-10-01 00:00:00+00:00,0.9998940229415894,1.0003589218995623,-0.0004648989579729701
2023-10-02 00:00:00+00:00,1.0003329515457153,1.0003611727941835,-2.82212484681299e-05
2023-10-03 00:00:00+00:00,1.0000920295715332,1.0003624723476843,-0.0002704427761510697
2023-10-04 00:00:00+00:00,1.0004370212554932,1.0003632836550562,7.373760043694055e-05
2023-10-05 00:00:00+00:00,1.0000890493392944,1.0003656782462051,-0.0002766289069107142
2023-10-06 00:00:00+00:00,1.0004359483718872,1.0003659037935884,7.004457829884458e-05
2023-10-07 00:00:00+00:00,1.0005500316619873,1.000367830035,0.00018220162698723286
2023-10-08 00:00:00+00:00,1.0004600286483765,1.0003698380474642,9.01906009123099e-05
2023-10-09 00:00:00+00:00,1.000080943107605,1.0003740281009141,-0.00029308499330915616
2023-10-10 00:00:00+00:00,1.0000879764556885,1.0003724301824717,-0.000284453726783207
2023-10-11 00:00:00+00:00,0.9997519850730896,1.0003751542264796,-0.0006231691533900019
2023-10-12 00:00:00+00:00,0.9997079968452454,1.0003749322839754,-0.0006669354387300874
2023-10-13 00:00:00+00:00,0.9999600052833557,1.0003761436126284,-0.000416138329272675
2023-10-14 00:00:00+00:00,1.0001059770584106,1.0003779018712122,-0.00027192481280158276
2023-10-15 00:00:00+00:00,1.0003730058670044,1.000377271670212,-4.2658032075593155e-06
2023-10-16 00:00:00+00:00,1.000548005104065,1.0003798740127439,0.00016813109132107762
2023-10-17 00:00:00+00:00,1.0004040002822876,1.0003798175412235,2.418274106408269e-05
2023-10-18 00:00:00+00:00,1.0002269744873047,1.0003807108886122,-0.00015373640130755817
2023-10-19 00:00:00+00:00,1.0004630088806152,1.0003828984145404,8.011046607481198e-05
2023-10-20 00:00:00+00:00,1.0005309581756592,1.0003821600425769,0.00014879813308232848
2023-10-21 00:00:00+00:00,1.0003559589385986,1.0003848874290866,-2.8928490487967196e-05
2023-10-22 00:00:00+00:00,1.0002460479736328,1.0003853145466972,-0.0001392665730644005
2023-10-23 00:00:00+00:00,1.0003999471664429,1.0003860084617542,1.3938704688687409e-05
2023-10-24 00:00:00+00:00,1.0000150203704834,1.0003888186019967,-0.0003737982315132893
2023-10-25 00:00:00+00:00,1.0004149675369263,1.0003889064467533,2.6061090173001844e-05
2023-10-26 00:00:00+00:00,1.0001929998397827,1.0003915957811074,-0.00019859594132465297
2023-10-27 00:00:00+00:00,1.0002570152282715,1.000392849184104,-0.00013583395583260938
2023-10-28 00:00:00+00:00,1.0002529621124268,1.0003945217428225,-0.00014155963039574893
2023-10-29 00:00:00+00:00,1.0003869533538818,1.000396924799768,-9.971445886103325e-06
2023-10-30 00:00:00+00:00,1.0005719661712646,1.000398125430861,0.000173840740403719
2023-10-31 00:00:00+00:00,1.0003149509429932,1.0004005986803917,-8.564773739849763e-05
2023-11-01 00:00:00+00:00,1.0006109476089478,1.000402273422599,0.00020867418634873403
2023-11-02 00:00:00+00:00,1.0002130270004272,1.0004042396115873,-0.00019121261116006316
2023-11-03 00:00:00+00:00,1.0006500482559204,1.0004065407407206,0.00024350751519985891
2023-11-04 00:00:00+00:00,1.0007810592651367,1.0004081028055105,0.00037295645962620583
2023-11-05 00:00:00+00:00,1.000723958015442,1.000410288880504,0.0003136691349379106
2023-11-06 00:00:00+00:00,1.0003169775009155,1.00041194196685,-9.496446593448837e-05
2023-11-07 00:00:00+00:00,1.0005689859390259,1.0004136073752956,0.00015537856373026848
2023-11-08 00:00:00+00:00,1.0003550052642822,1.0004154519901411,-6.04467258589203e-05
2023-11-09 00:00:00+00:00,1.0000929832458496,1.000416793409169,-0.0003238101633193935
2023-11-10 00:00:00+00:00,0.9999979734420776,1.0004183931534778,-0.0004204197114001662
2023-11-11 00:00:00+00:00,0.9998329877853394,1.0004197278537401,-0.0005867400684007595
2023-11-12 00:00:00+00:00,1.000143051147461,1.000420874331498,-0.0002778231840370182
2023-11-13 00:00:00+00:00,1.0003739595413208,1.0004222954386348,-4.8335897314011333e-05
2023-11-14 00:00:00+00:00,1.0002590417861938,1.0004233707230772,-0.00016432893688334005
2023-11-15 00:00:00+00:00,1.0007699728012085,1.0004247413277232,0.0003452314734853079
2023-11-16 00:00:00+00:00,1.000038981437683,1.0004259648224476,-0.00038698338476450544
2023-11-17 00:00:00+00:00,1.0005780458450317,1.0004270633400059,0.00015098250502587618
2023-11-18 00:00:00+00:00,1.0005979537963867,1.0004282879797457,0.0001696658166410181
2023-11-19 00:00:00+00:00,1.0004539489746094,1.000429246723158,2.4702251451458324e-05
2023-11-20 00:00:00+00:00,1.0005970001220703,1.0004303477580614,0.00016665236400892347
2023-11-21 00:00:00+00:00,1.0003889799118042,1.0004314015629805,-4.242165117629426e-05
2023-11-22 00:00:00+00:00,1.0003379583358765,1.000432357219586,-9.43988837094345e-05
2023-11-23 00:00:00+00:00,1.000141978263855,1.0004334843085818,-0.0002915060447268303
2023-11-24 00:00:00+00:00,1.0003529787063599,1.0004344153167173,-8.143661035742156e-05
2023-11-25 00:00:00+00:00,1.000478982925415,1.0004354438823808,4.353904303422418e-05
2023-11-26 00:00:00+00:00,1.0002110004425049,1.0004364821436313,-0.00022548170112646204
2023-11-27 00:00:00+00:00,0.9999799728393555,1.000437481289117,-0.0004575084497615567
2023-11-28 00:00:00+00:00,1.0003770589828491,1.0004385523365462,-6.149335369709519e-05
2023-11-29 00:00:00+00:00,1.0002199411392212,1.000439582275744,-0.0002196411365227302
2023-11-30 00:00:00+00:00,1.000156044960022,1.0004406269415997,-0.0002845819815777695
2023-12-01 00:00:00+00:00,1.0001850128173828,1.000441670479266,-0.0002566576618832084
2023-12-02 00:00:00+00:00,1.0003639459609985,1.0004427228089228,-7.877684792423345e-05
