True,Close,prediction,residual,returns,excess_returns,equity
2021-06-30 00:00:00+00:00,35040.8359375,,,,,
2021-07-01 00:00:00+00:00,33572.1171875,,,-0.04191448950075437,-0.04191448950075437,
2021-07-02 00:00:00+00:00,33897.046875,,,0.009678558122660849,0.009678558122660849,
2021-07-03 00:00:00+00:00,34668.546875,,,0.022760094790705863,0.022760094790705863,
2021-07-04 00:00:00+00:00,35287.78125,,,0.017861561294527144,0.017861561294527144,
2021-07-05 00:00:00+00:00,33746.00390625,,,-0.04369153540221518,-0.04369153540221518,
2021-07-06 00:00:00+00:00,34235.1953125,,,0.014496276584600237,0.014496276584600237,
2021-07-07 00:00:00+00:00,33855.328125,,,-0.01109580897764887,-0.01109580897764887,
2021-07-08 00:00:00+00:00,32877.37109375,,,-0.028886355129662474,-0.028886355129662474,
2021-07-09 00:00:00+00:00,33798.01171875,,,0.028002257916996717,0.028002257916996717,
2021-07-10 00:00:00+00:00,33520.51953125,,,-0.008210311003178233,-0.008210311003178233,
2021-07-11 00:00:00+00:00,34240.1875,,,0.02146947537847911,0.02146947537847911,
2021-07-12 00:00:00+00:00,33155.84765625,,,-0.03166863042879073,-0.03166863042879073,
2021-07-13 00:00:00+00:00,32702.025390625,,,-0.013687548281983158,-0.013687548281983158,
2021-07-14 00:00:00+00:00,32822.34765625,,,0.0036793520947939183,0.0036793520947939183,
2021-07-15 00:00:00+00:00,31780.73046875,,,-0.031734999531688166,-0.031734999531688166,
2021-07-16 00:00:00+00:00,31421.5390625,,,-0.011302175908234489,-0.011302175908234489,
2021-07-17 00:00:00+00:00,31533.068359375,,,0.0035494536614886735,0.0035494536614886735,
2021-07-18 00:00:00+00:00,31796.810546875,,,0.008363987433578997,0.008363987433578997,
2021-07-19 00:00:00+00:00,30817.83203125,,,-0.03078857592278903,-0.03078857592278903,
2021-07-20 00:00:00+00:00,29807.34765625,,,-0.032788950695017915,-0.032788950695017915,
2021-07-21 00:00:00+00:00,32110.693359375,,,0.07727442675168834,0.07727442675168834,
2021-07-22 00:00:00+00:00,32313.10546875,,,0.006303573302191059,0.006303573302191059,
2021-07-23 00:00:00+00:00,33581.55078125,,,0.03925482537500809,0.03925482537500809,
2021-07-24 00:00:00+00:00,34292.4453125,,,0.021169199000986055,0.021169199000986055,
2021-07-25 00:00:00+00:00,35350.1875,,,0.030844758309330613,0.030844758309330613,
2021-07-26 00:00:00+00:00,37337.53515625,,,0.05621887171744139,0.05621887171744139,
2021-07-27 00:00:00+00:00,39406.94140625,,,0.05542428661506324,0.05542428661506324,
2021-07-28 00:00:00+00:00,39995.90625,,,0.014945713184849949,0.014945713184849949,
2021-07-29 00:00:00+00:00,40008.421875,,,0.0003129226506775303,0.0003129226506775303,
2021-07-30 00:00:00+00:00,42235.546875,,,0.05566640461246636,0.05566640461246636,
2021-07-31 00:00:00+00:00,41626.1953125,,,-0.01442745761771316,-0.01442745761771316,
2021-08-01 00:00:00+00:00,39974.89453125,,,-0.03966975047450777,-0.03966975047450777,
2021-08-02 00:00:00+00:00,39201.9453125,,,-0.019335866368471698,-0.019335866368471698,
2021-08-03 00:00:00+00:00,38152.98046875,,,-0.026757979365261888,-0.026757979365261888,
2021-08-04 00:00:00+00:00,39747.50390625,,,0.04179289318710049,0.04179289318710049,
2021-08-05 00:00:00+00:00,40869.5546875,,,0.02822946527400846,0.02822946527400846,
2021-08-06 00:00:00+00:00,42816.5,,,0.047638035877485975,0.047638035877485975,
2021-08-07 00:00:00+00:00,44555.80078125,,,0.040622208290028376,0.040622208290028376,
2021-08-08 00:00:00+00:00,43798.1171875,,,-0.017005273846830937,-0.017005273846830937,
2021-08-09 00:00:00+00:00,46365.40234375,,,0.05861633606895559,0.05861633606895559,
2021-08-10 00:00:00+00:00,45585.03125,,,-0.01683089230983872,-0.01683089230983872,
2021-08-11 00:00:00+00:00,45593.63671875,,,0.0001887783887391763,0.0001887783887391763,
2021-08-12 00:00:00+00:00,44428.2890625,,,-0.025559436362547507,-0.025559436362547507,
2021-08-13 00:00:00+00:00,47793.3203125,,,0.07574073458615982,0.07574073458615982,
2021-08-14 00:00:00+00:00,47096.9453125,,,-0.014570550768322914,-0.014570550768322914,
2021-08-15 00:00:00+00:00,47047.00390625,,,-0.001060395868959787,-0.001060395868959787,
2021-08-16 00:00:00+00:00,46004.484375,,,-0.022159105674984452,-0.022159105674984452,
2021-08-17 00:00:00+00:00,44695.359375,,,-0.028456465011732893,-0.028456465011732893,
2021-08-18 00:00:00+00:00,44801.1875,,,0.0023677653895136626,0.0023677653895136626,
2021-08-19 00:00:00+00:00,46717.578125,,,0.04277544261522086,0.04277544261522086,
2021-08-20 00:00:00+00:00,49339.17578125,,,0.056115872471717516,0.056115872471717516,
2021-08-21 00:00:00+00:00,48905.4921875,,,-0.008789842693618922,-0.008789842693618922,
2021-08-22 00:00:00+00:00,49321.65234375,,,0.008509476904035095,0.008509476904035095,
2021-08-23 00:00:00+00:00,49546.1484375,,,0.004551674225862548,0.004551674225862548,
2021-08-24 00:00:00+00:00,47706.1171875,,,-0.037137725293038826,-0.037137725293038826,
2021-08-25 00:00:00+00:00,48960.7890625,,,0.026300020814285643,0.026300020814285643,
2021-08-26 00:00:00+00:00,46942.21875,,,-0.04122830434622349,-0.04122830434622349,
2021-08-27 00:00:00+00:00,49058.66796875,,,0.04508626296557403,0.04508626296557403,
2021-08-28 00:00:00+00:00,48902.40234375,,,-0.0031852806337819856,-0.0031852806337819856,
2021-08-29 00:00:00+00:00,48829.83203125,,,-0.0014839825657210252,-0.0014839825657210252,
2021-08-30 00:00:00+00:00,47054.984375,,,-0.036347609287579304,-0.036347609287579304,
2021-08-31 00:00:00+00:00,47166.6875,,,0.002373885072616178,0.002373885072616178,
2021-09-01 00:00:00+00:00,48847.02734375,,,0.03562556399047527,0.03562556399047527,
2021-09-02 00:00:00+00:00,49327.72265625,,,0.009840830417728689,0.009840830417728689,
2021-09-03 00:00:00+00:00,50025.375,,,0.014143210068944971,0.014143210068944971,
2021-09-04 00:00:00+00:00,49944.625,,,-0.0016141808032423546,-0.0016141808032423546,
2021-09-05 00:00:00+00:00,51753.41015625,,,0.036215812136941666,0.036215812136941666,
2021-09-06 00:00:00+00:00,52633.53515625,,,0.01700612572858084,0.01700612572858084,
2021-09-07 00:00:00+00:00,46811.12890625,,,-0.11062160716956165,-0.11062160716956165,
2021-09-08 00:00:00+00:00,46091.390625,,,-0.015375366885328501,-0.015375366885328501,
2021-09-09 00:00:00+00:00,46391.421875,,,0.006509485739778545,0.006509485739778545,
2021-09-10 00:00:00+00:00,44883.91015625,,,-0.03249548424732347,-0.03249548424732347,
2021-09-11 00:00:00+00:00,45201.45703125,,,0.007074848735204997,0.007074848735204997,
2021-09-12 00:00:00+00:00,46063.26953125,,,0.01906603363259256,0.01906603363259256,
2021-09-13 00:00:00+00:00,44963.07421875,,,-0.023884438158555187,-0.023884438158555187,
2021-09-14 00:00:00+00:00,47092.4921875,,,0.04735926103251218,0.04735926103251218,
2021-09-15 00:00:00+00:00,48176.34765625,,,0.023015462091804377,0.023015462091804377,
2021-09-16 00:00:00+00:00,47783.359375,,,-0.008157286726135143,-0.008157286726135143,
2021-09-17 00:00:00+00:00,47267.51953125,,,-0.010795386730801616,-0.010795386730801616,
2021-09-18 00:00:00+00:00,48278.36328125,,,0.02138558909002408,0.02138558909002408,
2021-09-19 00:00:00+00:00,47260.21875,,,-0.02108904407795903,-0.02108904407795903,
2021-09-20 00:00:00+00:00,42843.80078125,,,-0.09344895316951955,-0.09344895316951955,
2021-09-21 00:00:00+00:00,40693.67578125,,,-0.050185206746199154,-0.050185206746199154,
2021-09-22 00:00:00+00:00,43574.5078125,,,0.07079311406361995,0.07079311406361995,
2021-09-23 00:00:00+00:00,44895.09765625,,,0.0303064775724482,0.0303064775724482,
2021-09-24 00:00:00+00:00,42839.75,,,-0.04578111561282834,-0.04578111561282834,
2021-09-25 00:00:00+00:00,42716.59375,,,-0.002874812528084314,-0.002874812528084314,
2021-09-26 00:00:00+00:00,43208.5390625,,,0.01151649205409783,0.01151649205409783,
2021-09-27 00:00:00+00:00,42235.73046875,,,-0.022514267199426907,-0.022514267199426907,
2021-09-28 00:00:00+00:00,41034.54296875,,,-0.028440078735911825,-0.028440078735911825,
2021-09-29 00:00:00+00:00,41564.36328125,,,0.01291156850226129,0.01291156850226129,
2021-09-30 00:00:00+00:00,43790.89453125,,,0.05356827518164834,0.05356827518164834,
2021-10-01 00:00:00+00:00,48116.94140625,,,0.09878873042688936,0.09878873042688936,
2021-10-02 00:00:00+00:00,47711.48828125,,,-0.008426411013467597,-0.008426411013467597,
2021-10-03 00:00:00+00:00,48199.953125,,,0.010237887379882056,0.010237887379882056,
2021-10-04 00:00:00+00:00,49112.90234375,,,0.01894087358098442,0.01894087358098442,
2021-10-05 00:00:00+00:00,51514.8125,,,0.04890588911725478,0.04890588911725478,
2021-10-06 00:00:00+00:00,55361.44921875,,,0.07467049829114684,0.07467049829114684,
2021-10-07 00:00:00+00:00,53805.984375,,,-0.02809653406297012,-0.02809653406297012,
2021-10-08 00:00:00+00:00,53967.84765625,,,0.003008276553810377,0.003008276553810377,
2021-10-09 00:00:00+00:00,54968.22265625,,,0.01853649985027978,0.01853649985027978,
2021-10-10 00:00:00+00:00,54771.578125,,,-0.0035774220403620985,-0.0035774220403620985,
2021-10-11 00:00:00+00:00,57484.7890625,,,0.04953684064585276,0.04953684064585276,
2021-10-12 00:00:00+00:00,56041.05859375,,,-0.02511499985118346,-0.02511499985118346,
2021-10-13 00:00:00+00:00,57401.09765625,,,0.024268618342118162,0.024268618342118162,
2021-10-14 00:00:00+00:00,57321.5234375,,,-0.0013862839213726382,-0.0013862839213726382,
2021-10-15 00:00:00+00:00,61593.94921875,,,0.07453440740995658,0.07453440740995658,
2021-10-16 00:00:00+00:00,60892.1796875,,,-0.011393481667455286,-0.011393481667455286,
2021-10-17 00:00:00+00:00,61553.6171875,,,0.010862437564142255,0.010862437564142255,
2021-10-18 00:00:00+00:00,62026.078125,,,0.00767559989303025,0.00767559989303025,
2021-10-19 00:00:00+00:00,64261.9921875,,,0.036047967727284067,0.036047967727284067,
2021-10-20 00:00:00+00:00,65992.8359375,,,0.02693417510228818,0.02693417510228818,
2021-10-21 00:00:00+00:00,62210.171875,,,-0.057319313661295855,-0.057319313661295855,
2021-10-22 00:00:00+00:00,60692.265625,,,-0.024399647264276264,-0.024399647264276264,
2021-10-23 00:00:00+00:00,61393.6171875,,,0.011555863919027985,0.011555863919027985,
2021-10-24 00:00:00+00:00,60930.8359375,,,-0.0075379375120810475,-0.0075379375120810475,
2021-10-25 00:00:00+00:00,63039.82421875,,,0.03461282368443626,0.03461282368443626,
2021-10-26 00:00:00+00:00,60363.79296875,,,-0.04244985266320056,-0.04244985266320056,
2021-10-27 00:00:00+00:00,58482.38671875,,,-0.031167793762959754,-0.031167793762959754,
2021-10-28 00:00:00+00:00,60622.13671875,,,0.036587939036933595,0.036587939036933595,
2021-10-29 00:00:00+00:00,62227.96484375,,,0.02648913766352496,0.02648913766352496,
2021-10-30 00:00:00+00:00,61888.83203125,,,-0.005449845794435643,-0.005449845794435643,
2021-10-31 00:00:00+00:00,61318.95703125,,,-0.009208042570786418,-0.009208042570786418,
2021-11-01 00:00:00+00:00,61004.40625,,,-0.005129747739996546,-0.005129747739996546,
2021-11-02 00:00:00+00:00,63226.40234375,,,0.036423534468053284,0.036423534468053284,
2021-11-03 00:00:00+00:00,62970.046875,,,-0.004054563588107445,-0.004054563588107445,
2021-11-04 00:00:00+00:00,61452.23046875,,,-0.024103783966732198,-0.024103783966732198,
2021-11-05 00:00:00+00:00,61125.67578125,,,-0.005313959884109679,-0.005313959884109679,
2021-11-06 00:00:00+00:00,61527.48046875,,,0.006573419146120125,0.006573419146120125,
2021-11-07 00:00:00+00:00,63326.98828125,,,0.02924722089691249,0.02924722089691249,
2021-11-08 00:00:00+00:00,67566.828125,,,0.06695154718111458,0.06695154718111458,
2021-11-09 00:00:00+00:00,66971.828125,,,-0.008806096371717169,-0.008806096371717169,
2021-11-10 00:00:00+00:00,64995.23046875,,,-0.029513867421399435,-0.029513867421399435,
2021-11-11 00:00:00+00:00,64949.9609375,,,-0.0006965054346836387,-0.0006965054346836387,
2021-11-12 00:00:00+00:00,64155.94140625,,,-0.012225096363245985,-0.012225096363245985,
2021-11-13 00:00:00+00:00,64469.52734375,,,0.004887870563917106,0.004887870563917106,
2021-11-14 00:00:00+00:00,65466.83984375,,,0.015469517787564243,0.015469517787564243,
2021-11-15 00:00:00+00:00,63557.87109375,,,-0.029159323323932302,-0.029159323323932302,
2021-11-16 00:00:00+00:00,60161.24609375,,,-0.053441453301509484,-0.053441453301509484,
2021-11-17 00:00:00+00:00,60368.01171875,,,0.003436857419438996,0.003436857419438996,
2021-11-18 00:00:00+00:00,56942.13671875,,,-0.05674983989800579,-0.05674983989800579,
2021-11-19 00:00:00+00:00,58119.578125,,,0.02067785780617344,0.02067785780617344,
2021-11-20 00:00:00+00:00,59697.1953125,,,0.02714433308698419,0.02714433308698419,
2021-11-21 00:00:00+00:00,58730.4765625,,,-0.016193704661323992,-0.016193704661323992,
2021-11-22 00:00:00+00:00,56289.2890625,,,-0.041565940596482796,-0.041565940596482796,
2021-11-23 00:00:00+00:00,57569.07421875,,,0.022735855747423084,0.022735855747423084,
2021-11-24 00:00:00+00:00,56280.42578125,,,-0.02238438701660227,-0.02238438701660227,
2021-11-25 00:00:00+00:00,57274.6796875,,,0.017666069374003186,0.017666069374003186,
2021-11-26 00:00:00+00:00,53569.765625,,,-0.064686770536555,-0.064686770536555,
2021-11-27 00:00:00+00:00,54815.078125,,,0.023246554945143088,0.023246554945143088,
2021-11-28 00:00:00+00:00,57248.45703125,,,0.04439251004442493,0.04439251004442493,
2021-11-29 00:00:00+00:00,57806.56640625,,,0.009748898117819087,0.009748898117819087,
2021-11-30 00:00:00+00:00,57005.42578125,,,-0.013858989986877707,-0.013858989986877707,
2021-12-01 00:00:00+00:00,57229.828125,,,0.003936508510805818,0.003936508510805818,
2021-12-02 00:00:00+00:00,56477.81640625,,,-0.01314020578757417,-0.01314020578757417,
2021-12-03 00:00:00+00:00,53598.24609375,,,-0.05098586481791351,-0.05098586481791351,
2021-12-04 00:00:00+00:00,49200.703125,,,-0.08204639683653361,-0.08204639683653361,
2021-12-05 00:00:00+00:00,49368.84765625,,,0.0034175229330119456,0.0034175229330119456,
2021-12-06 00:00:00+00:00,50582.625,,,0.024585895790021305,0.024585895790021305,
2021-12-07 00:00:00+00:00,50700.0859375,,,0.002322159783127111,0.002322159783127111,
2021-12-08 00:00:00+00:00,50504.796875,,,-0.0038518487471745225,-0.0038518487471745225,
2021-12-09 00:00:00+00:00,47672.12109375,,,-0.05608726213196952,-0.05608726213196952,
2021-12-10 00:00:00+00:00,47243.3046875,,,-0.008995119084521278,-0.008995119084521278,
2021-12-11 00:00:00+00:00,49362.5078125,,,0.044857216044006235,0.044857216044006235,
2021-12-12 00:00:00+00:00,50098.3359375,,,0.014906619570362819,0.014906619570362819,
2021-12-13 00:00:00+00:00,46737.48046875,,,-0.06708517170995107,-0.06708517170995107,
2021-12-14 00:00:00+00:00,46612.6328125,,,-0.0026712534564946578,-0.0026712534564946578,
2021-12-15 00:00:00+00:00,48896.72265625,,,0.049001519672527076,0.049001519672527076,
2021-12-16 00:00:00+00:00,47665.42578125,,,-0.02518158289781851,-0.02518158289781851,
2021-12-17 00:00:00+00:00,46202.14453125,,,-0.03069900721574182,-0.03069900721574182,
2021-12-18 00:00:00+00:00,46848.77734375,,,0.013995731563123295,0.013995731563123295,
2021-12-19 00:00:00+00:00,46707.015625,,,-0.0030259427628138973,-0.0030259427628138973,
2021-12-20 00:00:00+00:00,46880.27734375,,,0.0037095437683511813,0.0037095437683511813,
2021-12-21 00:00:00+00:00,48936.61328125,,,0.043863561694012614,0.043863561694012614,
2021-12-22 00:00:00+00:00,48628.51171875,,,-0.006295931447672304,-0.006295931447672304,
2021-12-23 00:00:00+00:00,50784.5390625,,,0.04433669194360079,0.04433669194360079,
2021-12-24 00:00:00+00:00,50822.1953125,,,0.0007414904357733137,0.0007414904357733137,
2021-12-25 00:00:00+00:00,50429.859375,,,-0.007719775485643038,-0.007719775485643038,
2021-12-26 00:00:00+00:00,50809.515625,,,0.007528401917142963,0.007528401917142963,
2021-12-27 00:00:00+00:00,50640.41796875,,,-0.003328070621614,-0.003328070621614,
2021-12-28 00:00:00+00:00,47588.85546875,,,-0.06025942562091622,-0.06025942562091622,
2021-12-29 00:00:00+00:00,46444.7109375,,,-0.024042278806249526,-0.024042278806249526,
2021-12-30 00:00:00+00:00,47178.125,,,0.01579112126431242,0.01579112126431242,
2021-12-31 00:00:00+00:00,46306.4453125,,,-0.018476352917798238,-0.018476352917798238,
2022-01-01 00:00:00+00:00,47686.8125,,,0.02980939647136729,0.02980939647136729,
2022-01-02 00:00:00+00:00,47345.21875,,,-0.007163274962024354,-0.007163274962024354,
2022-01-03 00:00:00+00:00,46458.1171875,,,-0.01873687746980787,-0.01873687746980787,
2022-01-04 00:00:00+00:00,45897.57421875,,,-0.012065555013512676,-0.012065555013512676,
2022-01-05 00:00:00+00:00,43569.00390625,,,-0.050734060615097526,-0.050734060615097526,
2022-01-06 00:00:00+00:00,43160.9296875,,,-0.009366159015892982,-0.009366159015892982,
2022-01-07 00:00:00+00:00,41557.90234375,,,-0.03714070469186995,-0.03714070469186995,
2022-01-08 00:00:00+00:00,41733.94140625,,,0.004235994902819607,0.004235994902819607,
2022-01-09 00:00:00+00:00,41911.6015625,,,0.004256970472081842,0.004256970472081842,
2022-01-10 00:00:00+00:00,41821.26171875,,,-0.002155485364005529,-0.002155485364005529,
2022-01-11 00:00:00+00:00,42735.85546875,,,0.021869109453241442,0.021869109453241442,
2022-01-12 00:00:00+00:00,43949.1015625,,,0.028389418684672624,0.028389418684672624,
2022-01-13 00:00:00+00:00,42591.5703125,,,-0.030888714484173366,-0.030888714484173366,
2022-01-14 00:00:00+00:00,43099.69921875,,,0.011930269358978568,0.011930269358978568,
2022-01-15 00:00:00+00:00,43177.3984375,,,0.0018027786773091423,0.0018027786773091423,
2022-01-16 00:00:00+00:00,43113.87890625,,,-0.0014711291913973366,-0.0014711291913973366,
2022-01-17 00:00:00+00:00,42250.55078125,,,-0.020024366790965024,-0.020024366790965024,
2022-01-18 00:00:00+00:00,42375.6328125,,,0.0029604828561314057,0.0029604828561314057,
2022-01-19 00:00:00+00:00,41744.328125,,,-0.01489782324415878,-0.01489782324415878,
2022-01-20 00:00:00+00:00,40680.41796875,,,-0.025486340397291998,-0.025486340397291998,
2022-01-21 00:00:00+00:00,36457.31640625,,,-0.10381165615712488,-0.10381165615712488,
2022-01-22 00:00:00+00:00,35030.25,,,-0.039143484680769135,-0.039143484680769135,
2022-01-23 00:00:00+00:00,36276.8046875,,,0.03558509252717294,0.03558509252717294,
2022-01-24 00:00:00+00:00,36654.328125,,,0.010406744495611112,0.010406744495611112,
2022-01-25 00:00:00+00:00,36954.00390625,,,0.00817572703087161,0.00817572703087161,
2022-01-26 00:00:00+00:00,36852.12109375,,,-0.0027570168785626134,-0.0027570168785626134,
2022-01-27 00:00:00+00:00,37138.234375,,,0.0077638212607122874,0.0077638212607122874,
2022-01-28 00:00:00+00:00,37784.33203125,,,0.017397102127314042,0.017397102127314042,
2022-01-29 00:00:00+00:00,38138.1796875,,,0.009364930838458277,0.009364930838458277,
2022-01-30 00:00:00+00:00,37917.6015625,,,-0.005783656346668682,-0.005783656346668682,
2022-01-31 00:00:00+00:00,38483.125,,,0.01491453610450127,0.01491453610450127,
2022-02-01 00:00:00+00:00,38743.2734375,,,0.0067600652883569095,0.0067600652883569095,
2022-02-02 00:00:00+00:00,36952.984375,,,-0.04620902943031038,-0.04620902943031038,
2022-02-03 00:00:00+00:00,37154.6015625,,,0.005456046132945115,0.005456046132945115,
2022-02-04 00:00:00+00:00,41500.875,,,0.11697806610007298,0.11697806610007298,
2022-02-05 00:00:00+00:00,41441.1640625,,,-0.0014387874352046793,-0.0014387874352046793,
2022-02-06 00:00:00+00:00,42412.43359375,,,0.023437312952531156,0.023437312952531156,
2022-02-07 00:00:00+00:00,43840.28515625,,,0.03366587204537142,0.03366587204537142,
2022-02-08 00:00:00+00:00,44118.4453125,,,0.006344852805099619,0.006344852805099619,
2022-02-09 00:00:00+00:00,44338.796875,,,0.00499454504661723,0.00499454504661723,
2022-02-10 00:00:00+00:00,43565.11328125,,,-0.017449359213132686,-0.017449359213132686,
2022-02-11 00:00:00+00:00,42407.9375,,,-0.02656198260703335,-0.02656198260703335,
2022-02-12 00:00:00+00:00,42244.46875,,,-0.0038546734323026202,-0.0038546734323026202,
2022-02-13 00:00:00+00:00,42197.515625,,,-0.001111462077505709,-0.001111462077505709,
2022-02-14 00:00:00+00:00,42586.91796875,,,0.0092280869615769,0.0092280869615769,
2022-02-15 00:00:00+00:00,44575.203125,,,0.04668769779745486,0.04668769779745486,
2022-02-16 00:00:00+00:00,43961.859375,,,-0.01375975221649649,-0.01375975221649649,
2022-02-17 00:00:00+00:00,40538.01171875,,,-0.07788223029977334,-0.07788223029977334,
2022-02-18 00:00:00+00:00,40030.9765625,,,-0.012507647384577611,-0.012507647384577611,
2022-02-19 00:00:00+00:00,40122.15625,,,0.002277728282687333,0.002277728282687333,
2022-02-20 00:00:00+00:00,38431.37890625,,,-0.042140739725323215,-0.042140739725323215,
2022-02-21 00:00:00+00:00,37075.28125,,,-0.035286208687907925,-0.035286208687907925,
2022-02-22 00:00:00+00:00,38286.02734375,,,0.0326564237122274,0.0326564237122274,
2022-02-23 00:00:00+00:00,37296.5703125,,,-0.025843815613622912,-0.025843815613622912,
2022-02-24 00:00:00+00:00,38332.609375,,,0.02777840036816388,0.02777840036816388,
2022-02-25 00:00:00+00:00,39214.21875,,,0.022998939789759615,0.022998939789759615,
2022-02-26 00:00:00+00:00,39105.1484375,,,-0.0027813970538428743,-0.0027813970538428743,
2022-02-27 00:00:00+00:00,37709.78515625,,,-0.035682342018983675,-0.035682342018983675,
2022-02-28 00:00:00+00:00,43193.234375,,,0.14541183928864618,0.14541183928864618,
2022-03-01 00:00:00+00:00,44354.63671875,,,0.026888524570001016,0.026888524570001016,
2022-03-02 00:00:00+00:00,43924.1171875,,,-0.009706302725009285,-0.009706302725009285,
2022-03-03 00:00:00+00:00,42451.7890625,,,-0.033519811421935594,-0.033519811421935594,
2022-03-04 00:00:00+00:00,39137.60546875,,,-0.07806935036049166,-0.07806935036049166,
2022-03-05 00:00:00+00:00,39400.5859375,,,0.006719380646830339,0.006719380646830339,
2022-03-06 00:00:00+00:00,38419.984375,,,-0.02488799440839534,-0.02488799440839534,
2022-03-07 00:00:00+00:00,38062.0390625,,,-0.009316643885282683,-0.009316643885282683,
2022-03-08 00:00:00+00:00,38737.26953125,,,0.017740259990833222,0.017740259990833222,
2022-03-09 00:00:00+00:00,41982.92578125,,,0.08378639716414898,0.08378639716414898,
2022-03-10 00:00:00+00:00,39437.4609375,,,-0.060630954045771394,-0.060630954045771394,
2022-03-11 00:00:00+00:00,38794.97265625,,,-0.016291319622939403,-0.016291319622939403,
2022-03-12 00:00:00+00:00,38904.01171875,,,0.002810649293818575,0.002810649293818575,
2022-03-13 00:00:00+00:00,37849.6640625,,,-0.027101257933814866,-0.027101257933814866,
2022-03-14 00:00:00+00:00,39666.75390625,,,0.0480080837903738,0.0480080837903738,
2022-03-15 00:00:00+00:00,39338.78515625,,,-0.008268101563720957,-0.008268101563720957,
2022-03-16 00:00:00+00:00,41143.9296875,,,0.04588714481344896,0.04588714481344896,
2022-03-17 00:00:00+00:00,40951.37890625,,,-0.004679931710764593,-0.004679931710764593,
2022-03-18 00:00:00+00:00,41801.15625,,,0.02075088474298742,0.02075088474298742,
2022-03-19 00:00:00+00:00,42190.65234375,,,0.009317830622209164,0.009317830622209164,
2022-03-20 00:00:00+00:00,41247.82421875,,,-0.02234684871232307,-0.02234684871232307,
2022-03-21 00:00:00+00:00,41077.99609375,,,-0.004117262624553208,-0.004117262624553208,
2022-03-22 00:00:00+00:00,42358.80859375,,,0.03118001416322436,0.03118001416322436,
2022-03-23 00:00:00+00:00,42892.95703125,,,0.012610091153007855,0.012610091153007855,
2022-03-24 00:00:00+00:00,43960.93359375,,,0.024898646221148086,0.024898646221148086,
2022-03-25 00:00:00+00:00,44348.73046875,,,0.008821397620525823,0.008821397620525823,
2022-03-26 00:00:00+00:00,44500.828125,,,0.003429583093864986,0.003429583093864986,
2022-03-27 00:00:00+00:00,46820.4921875,,,0.05212631225612726,0.05212631225612726,
2022-03-28 00:00:00+00:00,47128.00390625,,,0.006567887358349868,0.006567887358349868,
2022-03-29 00:00:00+00:00,47465.73046875,,,0.007166154611000012,0.007166154611000012,
2022-03-30 00:00:00+00:00,47062.6640625,,,-0.008491735032190577,-0.008491735032190577,
2022-03-31 00:00:00+00:00,45538.67578125,,,-0.03238210822970239,-0.03238210822970239,
2022-04-01 00:00:00+00:00,46281.64453125,,,0.01631511538826758,0.01631511538826758,
2022-04-02 00:00:00+00:00,45868.94921875,,,-0.008917040798352411,-0.008917040798352411,
2022-04-03 00:00:00+00:00,46453.56640625,,,0.01274537998923734,0.01274537998923734,
2022-04-04 00:00:00+00:00,46622.67578125,,,0.003640395949819851,0.003640395949819851,
2022-04-05 00:00:00+00:00,45555.9921875,,,-0.022879072809008156,-0.022879072809008156,
2022-04-06 00:00:00+00:00,43206.73828125,,,-0.051568493922400094,-0.051568493922400094,
2022-04-07 00:00:00+00:00,43503.84765625,,,0.006876459247305266,0.006876459247305266,
2022-04-08 00:00:00+00:00,42287.6640625,,,-0.027955770794339762,-0.027955770794339762,
2022-04-09 00:00:00+00:00,42782.13671875,,,0.011693070951357897,0.011693070951357897,
2022-04-10 00:00:00+00:00,42207.671875,,,-0.013427680050824366,-0.013427680050824366,
2022-04-11 00:00:00+00:00,39521.90234375,,,-0.06363225953812456,-0.06363225953812456,
2022-04-12 00:00:00+00:00,40127.18359375,,,0.015315083892861228,0.015315083892861228,
2022-04-13 00:00:00+00:00,41166.73046875,,,0.02590630046515187,0.02590630046515187,
2022-04-14 00:00:00+00:00,39935.515625,,,-0.02990800653174595,-0.02990800653174595,
2022-04-15 00:00:00+00:00,40553.46484375,,,0.015473675726454326,0.015473675726454326,
2022-04-16 00:00:00+00:00,40424.484375,,,-0.0031805042860567844,-0.0031805042860567844,
2022-04-17 00:00:00+00:00,39716.953125,,,-0.017502542356175693,-0.017502542356175693,
2022-04-18 00:00:00+00:00,40826.21484375,,,0.02792917460860739,0.02792917460860739,
2022-04-19 00:00:00+00:00,41502.75,,,0.01657109675337853,0.01657109675337853,
2022-04-20 00:00:00+00:00,41374.37890625,,,-0.003093074404708122,-0.003093074404708122,
2022-04-21 00:00:00+00:00,40527.36328125,,,-0.020471984048854207,-0.020471984048854207,
2022-04-22 00:00:00+00:00,39740.3203125,,,-0.019420038833716225,-0.019420038833716225,
2022-04-23 00:00:00+00:00,39486.73046875,,,-0.00638117261652356,-0.00638117261652356,
2022-04-24 00:00:00+00:00,39469.29296875,,,-0.0004416040475622596,-0.0004416040475622596,
2022-04-25 00:00:00+00:00,40458.30859375,,,0.025057850055309017,0.025057850055309017,
2022-04-26 00:00:00+00:00,38117.4609375,,,-0.05785826787162363,-0.05785826787162363,
2022-04-27 00:00:00+00:00,39241.12109375,,,0.029478882606908948,0.029478882606908948,
2022-04-28 00:00:00+00:00,39773.828125,,,0.01357522457060599,0.01357522457060599,
2022-04-29 00:00:00+00:00,38609.82421875,,,-0.029265573899293858,-0.029265573899293858,
2022-04-30 00:00:00+00:00,37714.875,,,-0.023179313474195717,-0.023179313474195717,
2022-05-01 00:00:00+00:00,38469.09375,,,0.019997911964443737,0.019997911964443737,
2022-05-02 00:00:00+00:00,38529.328125,,,0.0015657861708790579,0.0015657861708790579,
2022-05-03 00:00:00+00:00,37750.453125,,,-0.020215120218891696,-0.020215120218891696,
2022-05-04 00:00:00+00:00,39698.37109375,,,0.05159985662423754,0.05159985662423754,
2022-05-05 00:00:00+00:00,36575.140625,,,-0.07867402068901796,-0.07867402068901796,
2022-05-06 00:00:00+00:00,36040.921875,,,-0.01460606140868392,-0.01460606140868392,
2022-05-07 00:00:00+00:00,35501.953125,,,-0.014954355270636373,-0.014954355270636373,
2022-05-08 00:00:00+00:00,34059.265625,,,-0.040636848764922705,-0.040636848764922705,
2022-05-09 00:00:00+00:00,30296.953125,,,-0.11046369999353149,-0.11046369999353149,
2022-05-10 00:00:00+00:00,31022.90625,,,0.023961258480509333,0.023961258480509333,
2022-05-11 00:00:00+00:00,28936.35546875,,,-0.06725839173272169,-0.06725839173272169,
2022-05-12 00:00:00+00:00,29047.751953125,,,0.0038497067986085305,0.0038497067986085305,
2022-05-13 00:00:00+00:00,29283.103515625,,,0.00810222983450809,0.00810222983450809,
2022-05-14 00:00:00+00:00,30101.265625,,,0.027939733537411485,0.027939733537411485,
2022-05-15 00:00:00+00:00,31305.11328125,,,0.03999325713567899,0.03999325713567899,
2022-05-16 00:00:00+00:00,29862.91796875,,,-0.04606900155712881,-0.04606900155712881,
2022-05-17 00:00:00+00:00,30425.857421875,,,0.01885078523518991,0.01885078523518991,
2022-05-18 00:00:00+00:00,28720.271484375,,,-0.05605711989808217,-0.05605711989808217,
2022-05-19 00:00:00+00:00,30314.333984375,,,0.05550304428240642,0.05550304428240642,
2022-05-20 00:00:00+00:00,29200.740234375,,,-0.03673489084648809,-0.03673489084648809,
2022-05-21 00:00:00+00:00,29432.2265625,,,0.007927413013061059,0.007927413013061059,
2022-05-22 00:00:00+00:00,30323.72265625,,,0.030289794482822693,0.030289794482822693,
2022-05-23 00:00:00+00:00,29098.91015625,,,-0.04039123144227659,-0.04039123144227659,
2022-05-24 00:00:00+00:00,29655.5859375,,,0.019130468401079775,0.019130468401079775,
2022-05-25 00:00:00+00:00,29562.361328125,,,-0.0031435767133879446,-0.0031435767133879446,
2022-05-26 00:00:00+00:00,29267.224609375,,,-0.00998352991745667,-0.00998352991745667,
2022-05-27 00:00:00+00:00,28627.57421875,,,-0.021855519242508035,-0.021855519242508035,
2022-05-28 00:00:00+00:00,28814.900390625,,,0.006543557286537687,0.006543557286537687,
2022-05-29 00:00:00+00:00,29445.95703125,,,0.02190035821988529,0.02190035821988529,
2022-05-30 00:00:00+00:00,31726.390625,,,0.07744470968730453,0.07744470968730453,
2022-05-31 00:00:00+00:00,31792.310546875,,,0.0020777630413166483,0.0020777630413166483,
2022-06-01 00:00:00+00:00,29799.080078125,,,-0.06269536357891178,-0.06269536357891178,
2022-06-02 00:00:00+00:00,30467.48828125,,,0.02243049790035858,0.02243049790035858,
2022-06-03 00:00:00+00:00,29704.390625,,,-0.02504629358369584,-0.02504629358369584,
2022-06-04 00:00:00+00:00,29832.9140625,,,0.004326748833952893,0.004326748833952893,
2022-06-05 00:00:00+00:00,29906.662109375,,,0.0024720363126611677,0.0024720363126611677,
2022-06-06 00:00:00+00:00,31370.671875,,,0.04895263002841327,0.04895263002841327,
2022-06-07 00:00:00+00:00,31155.478515625,,,-0.006859698773187337,-0.006859698773187337,
2022-06-08 00:00:00+00:00,30214.35546875,,,-0.030207305158321058,-0.030207305158321058,
2022-06-09 00:00:00+00:00,30111.998046875,,,-0.0033877082693644046,-0.0033877082693644046,
2022-06-10 00:00:00+00:00,29083.8046875,,,-0.03414563715680451,-0.03414563715680451,
2022-06-11 00:00:00+00:00,28360.810546875,,,-0.024858994495164433,-0.024858994495164433,
2022-06-12 00:00:00+00:00,26762.6484375,,,-0.0563510731378267,-0.0563510731378267,
2022-06-13 00:00:00+00:00,22487.388671875,,,-0.15974726027617198,-0.15974726027617198,
2022-06-14 00:00:00+00:00,22206.79296875,,,-0.01247791405304171,-0.01247791405304171,
2022-06-15 00:00:00+00:00,22572.83984375,,,0.01648355417709847,0.01648355417709847,
2022-06-16 00:00:00+00:00,20381.650390625,,,-0.09707194434960294,-0.09707194434960294,
2022-06-17 00:00:00+00:00,20471.482421875,,,0.004407495444594628,0.004407495444594628,
2022-06-18 00:00:00+00:00,19017.642578125,,,-0.07101780974085616,-0.07101780974085616,
2022-06-19 00:00:00+00:00,20553.271484375,,,0.08074759528903723,0.08074759528903723,
2022-06-20 00:00:00+00:00,20599.537109375,,,0.0022510102605890277,0.0022510102605890277,
2022-06-21 00:00:00+00:00,20710.59765625,,,0.005391409830488644,0.005391409830488644,
2022-06-22 00:00:00+00:00,19987.029296875,,,-0.034937106663198735,-0.034937106663198735,
2022-06-23 00:00:00+00:00,21085.876953125,,,0.05497803800296657,0.05497803800296657,
2022-06-24 00:00:00+00:00,21231.65625,,,0.006913598955313785,0.006913598955313785,
2022-06-25 00:00:00+00:00,21502.337890625,,,0.012748964915301886,0.012748964915301886,
2022-06-26 00:00:00+00:00,21027.294921875,,,-0.022092619470793374,-0.022092619470793374,
2022-06-27 00:00:00+00:00,20735.478515625,,,-0.013877981325425705,-0.013877981325425705,
2022-06-28 00:00:00+00:00,20280.634765625,,,-0.021935531878719716,-0.021935531878719716,
2022-06-29 00:00:00+00:00,20104.0234375,,,-0.008708372798288854,-0.008708372798288854,
2022-06-30 00:00:00+00:00,19784.7265625,,,-0.015882237502987392,-0.015882237502987392,
2022-07-01 00:00:00+00:00,19269.3671875,,,-0.02604834458398899,-0.02604834458398899,
2022-07-02 00:00:00+00:00,19242.255859375,,,-0.0014069651515378806,-0.0014069651515378806,
2022-07-03 00:00:00+00:00,19297.076171875,,,0.0028489545560891733,0.0028489545560891733,
2022-07-04 00:00:00+00:00,20231.26171875,,,0.04841073013105228,0.04841073013105228,
2022-07-05 00:00:00+00:00,20190.115234375,,,-0.002033807132101213,-0.002033807132101213,
2022-07-06 00:00:00+00:00,20548.24609375,,,0.01773793042871091,0.01773793042871091,
2022-07-07 00:00:00+00:00,21637.587890625,,,0.05301385782051426,0.05301385782051426,
2022-07-08 00:00:00+00:00,21731.1171875,,,0.004322538045727536,0.004322538045727536,
2022-07-09 00:00:00+00:00,21592.20703125,,,-0.0063922234209800675,-0.0063922234209800675,
2022-07-10 00:00:00+00:00,20860.44921875,,,-0.033889903493465975,-0.033889903493465975,
2022-07-11 00:00:00+00:00,19970.556640625,,,-0.04265931997884004,-0.04265931997884004,
2022-07-12 00:00:00+00:00,19323.9140625,,,-0.03237979740682694,-0.03237979740682694,
2022-07-13 00:00:00+00:00,20212.07421875,,,0.04596171114078613,0.04596171114078613,
2022-07-14 00:00:00+00:00,20569.919921875,,,0.017704551212910136,0.017704551212910136,
2022-07-15 00:00:00+00:00,20836.328125,,,0.012951348577769098,0.012951348577769098,
2022-07-16 00:00:00+00:00,21190.31640625,,,0.016988995331921036,0.016988995331921036,
2022-07-17 00:00:00+00:00,20779.34375,,,-0.019394361479604206,-0.019394361479604206,
2022-07-18 00:00:00+00:00,22485.689453125,,,0.08211740099467771,0.08211740099467771,
2022-07-19 00:00:00+00:00,23389.43359375,,,0.04019196931937526,0.04019196931937526,
2022-07-20 00:00:00+00:00,23231.732421875,,,-0.006742410894342481,-0.006742410894342481,
2022-07-21 00:00:00+00:00,23164.62890625,,,-0.002888442170667192,-0.002888442170667192,
2022-07-22 00:00:00+00:00,22714.978515625,,,-0.01941107679491817,-0.01941107679491817,
2022-07-23 00:00:00+00:00,22465.478515625,,,-0.01098394171178176,-0.01098394171178176,
2022-07-24 00:00:00+00:00,22609.1640625,,,0.006395837363315678,0.006395837363315678,
2022-07-25 00:00:00+00:00,21361.701171875,,,-0.055175100113235336,-0.055175100113235336,
2022-07-26 00:00:00+00:00,21239.75390625,,,-0.005708686992848529,-0.005708686992848529,
2022-07-27 00:00:00+00:00,22930.548828125,,,0.07960520302344311,0.07960520302344311,
2022-07-28 00:00:00+00:00,23843.88671875,,,0.03983061624346138,0.03983061624346138,
2022-07-29 00:00:00+00:00,23804.6328125,,,-0.0016462880701044473,-0.0016462880701044473,
2022-07-30 00:00:00+00:00,23656.20703125,,,-0.006235163651508224,-0.006235163651508224,
2022-07-31 00:00:00+00:00,23336.896484375,,,-0.013497960448739256,-0.013497960448739256,
2022-08-01 00:00:00+00:00,23314.19921875,,,-0.0009725914343493249,-0.0009725914343493249,
2022-08-02 00:00:00+00:00,22978.1171875,,,-0.014415336683737026,-0.014415336683737026,
2022-08-03 00:00:00+00:00,22846.5078125,,,-0.00572759612661367,-0.00572759612661367,
2022-08-04 00:00:00+00:00,22630.95703125,,,-0.009434736504108773,-0.009434736504108773,
2022-08-05 00:00:00+00:00,23289.314453125,,,0.029091011085651656,0.029091011085651656,
2022-08-06 00:00:00+00:00,22961.279296875,,,-0.014085221654344733,-0.014085221654344733,
2022-08-07 00:00:00+00:00,23175.890625,,,0.00934666249864433,0.00934666249864433,
2022-08-08 00:00:00+00:00,23809.486328125,,,0.027338569782579824,0.027338569782579824,
2022-08-09 00:00:00+00:00,23164.318359375,,,-0.02709709734425871,-0.02709709734425871,
2022-08-10 00:00:00+00:00,23947.642578125,,,0.03381598398870974,0.03381598398870974,
2022-08-11 00:00:00+00:00,23957.529296875,,,0.00041284726535174837,0.00041284726535174837,
2022-08-12 00:00:00+00:00,24402.818359375,,,0.018586602023192896,0.018586602023192896,
2022-08-13 00:00:00+00:00,24424.068359375,,,0.0008708010561344132,0.0008708010561344132,
2022-08-14 00:00:00+00:00,24319.333984375,,,-0.004288162539464826,-0.004288162539464826,
2022-08-15 00:00:00+00:00,24136.97265625,,,-0.0074986152269698614,-0.0074986152269698614,
2022-08-16 00:00:00+00:00,23883.291015625,,,-0.010510085263708991,-0.010510085263708991,
2022-08-17 00:00:00+00:00,23335.998046875,,,-0.022915307961199664,-0.022915307961199664,
2022-08-18 00:00:00+00:00,23212.73828125,,,-0.005281958173694059,-0.005281958173694059,
2022-08-19 00:00:00+00:00,20877.552734375,,,-0.10059931398792521,-0.10059931398792521,
2022-08-20 00:00:00+00:00,21166.060546875,,,0.01381904364801198,0.01381904364801198,
2022-08-21 00:00:00+00:00,21534.12109375,,,0.017389185203353356,0.017389185203353356,
2022-08-22 00:00:00+00:00,21398.908203125,,,-0.0062790066999411365,-0.0062790066999411365,
2022-08-23 00:00:00+00:00,21528.087890625,,,0.006036741981122905,0.006036741981122905,
2022-08-24 00:00:00+00:00,21395.01953125,,,-0.006181150878380996,-0.006181150878380996,
2022-08-25 00:00:00+00:00,21600.904296875,,,0.00962302302759203,0.00962302302759203,
2022-08-26 00:00:00+00:00,20260.01953125,,,-0.06207539958496023,-0.06207539958496023,
2022-08-27 00:00:00+00:00,20041.73828125,,,-0.010773990107132562,-0.010773990107132562,
2022-08-28 00:00:00+00:00,19616.814453125,,,-0.02120194476955806,-0.02120194476955806,
2022-08-29 00:00:00+00:00,20297.994140625,,,0.03472427641744282,0.03472427641744282,
2022-08-30 00:00:00+00:00,19796.80859375,,,-0.02469138297128151,-0.02469138297128151,
2022-08-31 00:00:00+00:00,20049.763671875,,,0.012777568511970146,0.012777568511970146,
2022-09-01 00:00:00+00:00,20127.140625,,,0.003859245145793976,0.003859245145793976,
2022-09-02 00:00:00+00:00,19969.771484375,,,-0.00781875297425662,-0.00781875297425662,
2022-09-03 00:00:00+00:00,19832.087890625,,,-0.006894600364241931,-0.006894600364241931,
2022-09-04 00:00:00+00:00,19986.712890625,,,0.007796708085036984,0.007796708085036984,
2022-09-05 00:00:00+00:00,19812.37109375,,,-0.008722884940063208,-0.008722884940063208,
2022-09-06 00:00:00+00:00,18837.66796875,,,-0.04919669232863699,-0.04919669232863699,
2022-09-07 00:00:00+00:00,19290.32421875,,,0.024029314602577987,0.024029314602577987,
2022-09-08 00:00:00+00:00,19329.833984375,,,0.002048164933723452,0.002048164933723452,
2022-09-09 00:00:00+00:00,21381.15234375,,,0.10612188190716766,0.10612188190716766,
2022-09-10 00:00:00+00:00,21680.5390625,,,0.014002365912589122,0.014002365912589122,
2022-09-11 00:00:00+00:00,21769.255859375,,,0.004092001431295131,0.004092001431295131,
2022-09-12 00:00:00+00:00,22370.44921875,,,0.027616624254801717,0.027616624254801717,
2022-09-13 00:00:00+00:00,20296.70703125,,,-0.09270006906083378,-0.09270006906083378,
2022-09-14 00:00:00+00:00,20241.08984375,,,-0.002740207434357136,-0.002740207434357136,
2022-09-15 00:00:00+00:00,19701.2109375,,,-0.026672422800232895,-0.026672422800232895,
2022-09-16 00:00:00+00:00,19772.583984375,,,0.0036227746152976796,0.0036227746152976796,
2022-09-17 00:00:00+00:00,20127.576171875,,,0.01795375798026841,0.01795375798026841,
2022-09-18 00:00:00+00:00,19419.505859375,,,-0.03517911478528709,-0.03517911478528709,
2022-09-19 00:00:00+00:00,19544.12890625,,,0.006417415961943065,0.006417415961943065,
2022-09-20 00:00:00+00:00,18890.7890625,,,-0.03342895694578995,-0.03342895694578995,
2022-09-21 00:00:00+00:00,18547.400390625,,,-0.018177571658806933,-0.018177571658806933,
2022-09-22 00:00:00+00:00,19413.55078125,,,0.04669928789927918,0.04669928789927918,
2022-09-23 00:00:00+00:00,19297.638671875,,,-0.005970680514919005,-0.005970680514919005,
2022-09-24 00:00:00+00:00,18937.01171875,,,-0.018687620763186395,-0.018687620763186395,
2022-09-25 00:00:00+00:00,18802.09765625,,,-0.007124358610731506,-0.007124358610731506,
2022-09-26 00:00:00+00:00,19222.671875,,,0.02236847326501344,0.02236847326501344,
2022-09-27 00:00:00+00:00,19110.546875,,,-0.005832956039052193,-0.005832956039052193,
2022-09-28 00:00:00+00:00,19426.720703125,,,0.01654446783721358,0.01654446783721358,
2022-09-29 00:00:00+00:00,19573.05078125,,,0.00753241271963421,0.00753241271963421,
2022-09-30 00:00:00+00:00,19431.7890625,,,-0.007217153847335932,-0.007217153847335932,
2022-10-01 00:00:00+00:00,19312.095703125,,,-0.0061596674907297925,-0.0061596674907297925,
2022-10-02 00:00:00+00:00,19044.107421875,,,-0.013876706359042913,-0.013876706359042913,
2022-10-03 00:00:00+00:00,19623.580078125,,,0.030427924155919703,0.030427924155919703,
2022-10-04 00:00:00+00:00,20336.84375,,,0.03634727552441344,0.03634727552441344,
2022-10-05 00:00:00+00:00,20160.716796875,,,-0.008660486125090084,-0.008660486125090084,
2022-10-06 00:00:00+00:00,19955.443359375,,,-0.010181852141875149,-0.010181852141875149,
2022-10-07 00:00:00+00:00,19546.849609375,,,-0.020475303035953046,-0.020475303035953046,
2022-10-08 00:00:00+00:00,19416.568359375,,,-0.006665076603316931,-0.006665076603316931,
2022-10-09 00:00:00+00:00,19446.42578125,,,0.0015377290838617108,0.0015377290838617108,
2022-10-10 00:00:00+00:00,19141.484375,,,-0.015681103030461295,-0.015681103030461295,
2022-10-11 00:00:00+00:00,19051.41796875,,,-0.0047052989457616184,-0.0047052989457616184,
2022-10-12 00:00:00+00:00,19157.4453125,,,0.00556532557964538,0.00556532557964538,
2022-10-13 00:00:00+00:00,19382.904296875,,,0.011768739552548311,0.011768739552548311,
2022-10-14 00:00:00+00:00,19185.65625,,,-0.01017639275589888,-0.01017639275589888,
2022-10-15 00:00:00+00:00,19067.634765625,,,-0.006151547950047317,-0.006151547950047317,
2022-10-16 00:00:00+00:00,19268.09375,,,0.010513049302600764,0.010513049302600764,
2022-10-17 00:00:00+00:00,19550.7578125,,,0.014670058500208407,0.014670058500208407,
2022-10-18 00:00:00+00:00,19334.416015625,,,-0.011065647631146012,-0.011065647631146012,
2022-10-19 00:00:00+00:00,19139.53515625,,,-0.010079479991405384,-0.010079479991405384,
2022-10-20 00:00:00+00:00,19053.740234375,,,-0.00448260217265432,-0.00448260217265432,
2022-10-21 00:00:00+00:00,19172.46875,,,0.006231244583192174,0.006231244583192174,
2022-10-22 00:00:00+00:00,19208.189453125,,,0.0018631248583988434,0.0018631248583988434,
2022-10-23 00:00:00+00:00,19567.0078125,,,0.01868048835371225,0.01868048835371225,
2022-10-24 00:00:00+00:00,19345.572265625,,,-0.011316781236911462,-0.011316781236911462,
2022-10-25 00:00:00+00:00,20095.857421875,,,0.03878330120960939,0.03878330120960939,
2022-10-26 00:00:00+00:00,20770.44140625,,,0.03356831063305083,0.03356831063305083,
2022-10-27 00:00:00+00:00,20285.8359375,,,-0.02333149591150134,-0.02333149591150134,
2022-10-28 00:00:00+00:00,20595.3515625,,,0.01525772100068282,0.01525772100068282,
2022-10-29 00:00:00+00:00,20818.4765625,,,0.010833755341485203,0.010833755341485203,
2022-10-30 00:00:00+00:00,20635.603515625,,,-0.0087841704615604,-0.0087841704615604,
2022-10-31 00:00:00+00:00,20495.7734375,,,-0.006776156462742781,-0.006776156462742781,
2022-11-01 00:00:00+00:00,20485.2734375,,,-0.000512300744932549,-0.000512300744932549,
2022-11-02 00:00:00+00:00,20159.50390625,,,-0.0159026205944438,-0.0159026205944438,
2022-11-03 00:00:00+00:00,20209.98828125,,,0.002504246891926168,0.002504246891926168,
2022-11-04 00:00:00+00:00,21147.23046875,,,0.04637519697968034,0.04637519697968034,
2022-11-05 00:00:00+00:00,21282.69140625,,,0.0064056112548721384,0.0064056112548721384,
2022-11-06 00:00:00+00:00,20926.486328125,,,-0.016736843631552856,-0.016736843631552856,
2022-11-07 00:00:00+00:00,20602.81640625,,,-0.015466997985227491,-0.015466997985227491,
2022-11-08 00:00:00+00:00,18541.271484375,,,-0.10006131594948431,-0.10006131594948431,
2022-11-09 00:00:00+00:00,15880.7802734375,,,-0.14349022466876313,-0.14349022466876313,
2022-11-10 00:00:00+00:00,17586.771484375,,,0.10742489862358803,0.10742489862358803,
2022-11-11 00:00:00+00:00,17034.29296875,,,-0.031414436476635325,-0.031414436476635325,
2022-11-12 00:00:00+00:00,16799.185546875,,,-0.013802006476365805,-0.013802006476365805,
2022-11-13 00:00:00+00:00,16353.365234375,,,-0.026538209918333326,-0.026538209918333326,
2022-11-14 00:00:00+00:00,16618.19921875,,,0.01619446398826312,0.01619446398826312,
2022-11-15 00:00:00+00:00,16884.61328125,,,0.016031463998783337,0.016031463998783337,
2022-11-16 00:00:00+00:00,16669.439453125,,,-0.012743781840946627,-0.012743781840946627,
2022-11-17 00:00:00+00:00,16687.517578125,,,0.0010845070736083399,0.0010845070736083399,
2022-11-18 00:00:00+00:00,16697.77734375,,,0.0006148167681003145,0.0006148167681003145,
2022-11-19 00:00:00+00:00,16711.546875,,,0.0008246325823211407,0.0008246325823211407,
2022-11-20 00:00:00+00:00,16291.83203125,,,-0.025115259939095254,-0.025115259939095254,
2022-11-21 00:00:00+00:00,15787.2841796875,,,-0.03096937475139119,-0.03096937475139119,
2022-11-22 00:00:00+00:00,16189.76953125,,,0.02549427418810592,0.02549427418810592,
2022-11-23 00:00:00+00:00,16610.70703125,,,0.026000215703348543,0.026000215703348543,
2022-11-24 00:00:00+00:00,16604.46484375,,,-0.0003757930043710041,-0.0003757930043710041,
2022-11-25 00:00:00+00:00,16521.841796875,,,-0.00497595361563849,-0.00497595361563849,
2022-11-26 00:00:00+00:00,16464.28125,,,-0.003483906188103508,-0.003483906188103508,
2022-11-27 00:00:00+00:00,16444.626953125,,,-0.0011937537130568636,-0.0011937537130568636,
2022-11-28 00:00:00+00:00,16217.322265625,,,-0.01382242893973371,-0.01382242893973371,
2022-11-29 00:00:00+00:00,16444.982421875,,,0.014038085481754234,0.014038085481754234,
2022-11-30 00:00:00+00:00,17168.56640625,,,0.04400028931697085,0.04400028931697085,
2022-12-01 00:00:00+00:00,16967.1328125,,,-0.011732697360023645,-0.011732697360023645,
2022-12-02 00:00:00+00:00,17088.66015625,,,0.007162515027905514,0.007162515027905514,
2022-12-03 00:00:00+00:00,16908.236328125,,,-0.01055810265259514,-0.01055810265259514,
2022-12-04 00:00:00+00:00,17130.486328125,,,0.013144481522907949,0.013144481522907949,
2022-12-05 00:00:00+00:00,16974.826171875,,,-0.009086733048228504,-0.009086733048228504,
2022-12-06 00:00:00+00:00,17089.50390625,,,0.00675575309071533,0.00675575309071533,
2022-12-07 00:00:00+00:00,16848.126953125,,,-0.0141242808714139,-0.0141242808714139,
2022-12-08 00:00:00+00:00,17233.474609375,,,0.02287183954169609,0.02287183954169609,
2022-12-09 00:00:00+00:00,17133.15234375,,,-0.00582136034078843,-0.00582136034078843,
2022-12-10 00:00:00+00:00,17128.724609375,,,-0.0002584308063200753,-0.0002584308063200753,
2022-12-11 00:00:00+00:00,17104.193359375,,,-0.0014321702613266025,-0.0014321702613266025,
2022-12-12 00:00:00+00:00,17206.4375,,,0.005977723618808299,0.005977723618808299,
2022-12-13 00:00:00+00:00,17781.318359375,,,0.03341080100834353,0.03341080100834353,
2022-12-14 00:00:00+00:00,17815.650390625,,,0.0019307922256450024,0.0019307922256450024,
2022-12-15 00:00:00+00:00,17364.865234375,,,-0.025302761693573275,-0.025302761693573275,
2022-12-16 00:00:00+00:00,16647.484375,,,-0.04131220425223301,-0.04131220425223301,
2022-12-17 00:00:00+00:00,16795.091796875,,,0.008866650272798348,0.008866650272798348,
2022-12-18 00:00:00+00:00,16757.9765625,,,-0.0022098857704312097,-0.0022098857704312097,
2022-12-19 00:00:00+00:00,16439.6796875,,,-0.018993753441108503,-0.018993753441108503,
2022-12-20 00:00:00+00:00,16906.3046875,,,0.028384068842582186,0.028384068842582186,
2022-12-21 00:00:00+00:00,16817.53515625,,,-0.005250676176186121,-0.005250676176186121,
2022-12-22 00:00:00+00:00,16830.341796875,,,0.0007615052090579749,0.0007615052090579749,
2022-12-23 00:00:00+00:00,16796.953125,,,-0.0019838380157674216,-0.0019838380157674216,
2022-12-24 00:00:00+00:00,16847.755859375,,,0.0030245208161822504,0.0030245208161822504,
2022-12-25 00:00:00+00:00,16841.986328125,,,-0.0003424510242288157,-0.0003424510242288157,
2022-12-26 00:00:00+00:00,16919.8046875,,,0.004620497716771596,0.004620497716771596,
2022-12-27 00:00:00+00:00,16717.173828125,,,-0.0119759573539699,-0.0119759573539699,
2022-12-28 00:00:00+00:00,16552.572265625,,,-0.009846255365429895,-0.009846255365429895,
2022-12-29 00:00:00+00:00,16642.341796875,,,0.005423297950882587,0.005423297950882587,
2022-12-30 00:00:00+00:00,16602.5859375,,,-0.0023888380529755206,-0.0023888380529755206,
2022-12-31 00:00:00+00:00,16547.49609375,,,-0.0033181483870876665,-0.0033181483870876665,
2023-01-01 00:00:00+00:00,16625.080078125,,,0.004688563389617812,0.004688563389617812,
2023-01-02 00:00:00+00:00,16688.470703125,,,0.0038129515588564483,0.0038129515588564483,
2023-01-03 00:00:00+00:00,16679.857421875,,,-0.0005161216628667551,-0.0005161216628667551,
2023-01-04 00:00:00+00:00,16863.23828125,,,0.010994150293785063,0.010994150293785063,
2023-01-05 00:00:00+00:00,16836.736328125,,,-0.001571581488857164,-0.001571581488857164,
2023-01-06 00:00:00+00:00,16951.96875,,,0.006844106816741526,0.006844106816741526,
2023-01-07 00:00:00+00:00,16955.078125,,,0.00018342264818061325,0.00018342264818061325,
2023-01-08 00:00:00+00:00,17091.14453125,,,0.008025112314249511,0.008025112314249511,
2023-01-09 00:00:00+00:00,17196.5546875,,,0.00616753056281659,0.00616753056281659,
2023-01-10 00:00:00+00:00,17446.29296875,,,0.01452257651537213,0.01452257651537213,
2023-01-11 00:00:00+00:00,17934.896484375,,,0.028006151020173294,0.028006151020173294,
2023-01-12 00:00:00+00:00,18869.587890625,,,0.052115795988246116,0.052115795988246116,
2023-01-13 00:00:00+00:00,19909.57421875,,,0.05511441660269102,0.05511441660269102,
2023-01-14 00:00:00+00:00,20976.298828125,,,0.0535784742383091,0.0535784742383091,
2023-01-15 00:00:00+00:00,20880.798828125,,,-0.004552757413617397,-0.004552757413617397,
2023-01-16 00:00:00+00:00,21169.6328125,,,0.013832516023570923,0.013832516023570923,
2023-01-17 00:00:00+00:00,21161.51953125,,,-0.0003832509199313728,-0.0003832509199313728,
2023-01-18 00:00:00+00:00,20688.78125,,,-0.02233952436883797,-0.02233952436883797,
2023-01-19 00:00:00+00:00,21086.79296875,,,0.019238045679950334,0.019238045679950334,
2023-01-20 00:00:00+00:00,22676.552734375,,,0.0753912540413792,0.0753912540413792,
2023-01-21 00:00:00+00:00,22777.625,,,0.004457126566322679,0.004457126566322679,
2023-01-22 00:00:00+00:00,22720.416015625,,,-0.002511630794474841,-0.002511630794474841,
2023-01-23 00:00:00+00:00,22934.431640625,,,0.009419529327844166,0.009419529327844166,
2023-01-24 00:00:00+00:00,22636.46875,,,-0.01299194570390845,-0.01299194570390845,
2023-01-25 00:00:00+00:00,23117.859375,,,0.021266153759075163,0.021266153759075163,
2023-01-26 00:00:00+00:00,23032.77734375,,,-0.003680359408276745,-0.003680359408276745,
2023-01-27 00:00:00+00:00,23078.728515625,,,0.0019950339114214104,0.0019950339114214104,
2023-01-28 00:00:00+00:00,23031.08984375,,,-0.0020641809553220043,-0.0020641809553220043,
2023-01-29 00:00:00+00:00,23774.56640625,,,0.03228143207915794,0.03228143207915794,
2023-01-30 00:00:00+00:00,22840.138671875,,,-0.03930367092328346,-0.03930367092328346,
2023-01-31 00:00:00+00:00,23139.283203125,,,0.013097316769725309,0.013097316769725309,
2023-02-01 00:00:00+00:00,23723.76953125,,,0.025259482888651628,0.025259482888651628,
2023-02-02 00:00:00+00:00,23471.87109375,,,-0.01061797692681967,-0.01061797692681967,
2023-02-03 00:00:00+00:00,23449.322265625,,,-0.0009606745041729637,-0.0009606745041729637,
2023-02-04 00:00:00+00:00,23331.84765625,,,-0.005009723012217254,-0.005009723012217254,
2023-02-05 00:00:00+00:00,22955.666015625,,,-0.01612309690031045,-0.01612309690031045,
2023-02-06 00:00:00+00:00,22760.109375,,,-0.008518883333286539,-0.008518883333286539,
2023-02-07 00:00:00+00:00,23264.291015625,,,0.02215198672018684,0.02215198672018684,
2023-02-08 00:00:00+00:00,22939.3984375,,,-0.013965290320121612,-0.013965290320121612,
2023-02-09 00:00:00+00:00,21819.0390625,,,-0.04883996317743457,-0.04883996317743457,
2023-02-10 00:00:00+00:00,21651.18359375,,,-0.00769307338738351,-0.00769307338738351,
2023-02-11 00:00:00+00:00,21870.875,,,0.010146854341645223,0.010146854341645223,
2023-02-12 00:00:00+00:00,21788.203125,,,-0.003779998514005498,-0.003779998514005498,
2023-02-13 00:00:00+00:00,21808.1015625,,,0.0009132665684196938,0.0009132665684196938,
2023-02-14 00:00:00+00:00,22220.8046875,,,0.018924303145655803,0.018924303145655803,
2023-02-15 00:00:00+00:00,24307.841796875,,,0.09392266116037792,0.09392266116037792,
2023-02-16 00:00:00+00:00,23623.474609375,,,-0.028154173176657,-0.028154173176657,
2023-02-17 00:00:00+00:00,24565.6015625,,,0.03988096453648338,0.03988096453648338,
2023-02-18 00:00:00+00:00,24641.27734375,,,0.00308055884800806,0.00308055884800806,
2023-02-19 00:00:00+00:00,24327.642578125,,,-0.012728023845912767,-0.012728023845912767,
2023-02-20 00:00:00+00:00,24829.1484375,,,0.020614650916729,0.020614650916729,
2023-02-21 00:00:00+00:00,24436.353515625,,,-0.01581991113645095,-0.01581991113645095,
2023-02-22 00:00:00+00:00,24188.84375,,,-0.010128752044233533,-0.010128752044233533,
2023-02-23 00:00:00+00:00,23947.4921875,,,-0.009977804850634913,-0.009977804850634913,
2023-02-24 00:00:00+00:00,23198.126953125,,,-0.03129201289670532,-0.03129201289670532,
2023-02-25 00:00:00+00:00,23175.375,,,-0.0009807668166905649,-0.0009807668166905649,
2023-02-26 00:00:00+00:00,23561.212890625,,,0.016648614774302465,0.016648614774302465,
2023-02-27 00:00:00+00:00,23522.87109375,,,-0.0016273269569350647,-0.0016273269569350647,
2023-02-28 00:00:00+00:00,23147.353515625,,,-0.01596393470118427,-0.01596393470118427,
2023-03-01 00:00:00+00:00,23646.55078125,,,0.021566062197478874,0.021566062197478874,
2023-03-02 00:00:00+00:00,23475.466796875,,,-0.007235050302163188,-0.007235050302163188,
2023-03-03 00:00:00+00:00,22362.6796875,,,-0.0474021291675926,-0.0474021291675926,
2023-03-04 00:00:00+00:00,22353.349609375,,,-0.0004172164631153397,-0.0004172164631153397,
2023-03-05 00:00:00+00:00,22435.513671875,,,0.003675693528523366,0.003675693528523366,
2023-03-06 00:00:00+00:00,22429.7578125,,,-0.00025655126328645215,-0.00025655126328645215,
2023-03-07 00:00:00+00:00,22219.76953125,,,-0.009362039617430666,-0.009362039617430666,
2023-03-08 00:00:00+00:00,21718.080078125,,,-0.022578517406286386,-0.022578517406286386,
2023-03-09 00:00:00+00:00,20363.021484375,,,-0.06239311158608579,-0.06239311158608579,
2023-03-10 00:00:00+00:00,20187.244140625,,,-0.008632183779056456,-0.008632183779056456,
2023-03-11 00:00:00+00:00,20632.41015625,,,0.022051846825845024,0.022051846825845024,
2023-03-12 00:00:00+00:00,22163.94921875,,,0.07422977009964413,0.07422977009964413,
2023-03-13 00:00:00+00:00,24197.533203125,,,0.09175187888693827,0.09175187888693827,
2023-03-14 00:00:00+00:00,24746.07421875,,,0.02266929488308992,0.02266929488308992,
2023-03-15 00:00:00+00:00,24375.9609375,,,-0.014956444322371209,-0.014956444322371209,
2023-03-16 00:00:00+00:00,25052.7890625,,,0.027766213062754258,0.027766213062754258,
2023-03-17 00:00:00+00:00,27423.9296875,,,0.09464577453171537,0.09464577453171537,
2023-03-18 00:00:00+00:00,26965.87890625,,,-0.01670259464889098,-0.01670259464889098,
2023-03-19 00:00:00+00:00,28038.67578125,,,0.03978349375259388,0.03978349375259388,
2023-03-20 00:00:00+00:00,27767.236328125,,,-0.00968089417783834,-0.00968089417783834,
2023-03-21 00:00:00+00:00,28175.81640625,,,0.014714466837708138,0.014714466837708138,
2023-03-22 00:00:00+00:00,27307.4375,,,-0.030820008681536375,-0.030820008681536375,
2023-03-23 00:00:00+00:00,28333.97265625,,,0.03759177902540288,0.03759177902540288,
2023-03-24 00:00:00+00:00,27493.28515625,,,-0.029670654030738552,-0.029670654030738552,
2023-03-25 00:00:00+00:00,27494.70703125,,,5.171717355416756e-05,5.171717355416756e-05,
2023-03-26 00:00:00+00:00,27994.330078125,,,0.018171608313816083,0.018171608313816083,
2023-03-27 00:00:00+00:00,27139.888671875,,,-0.03052194511765322,-0.03052194511765322,
2023-03-28 00:00:00+00:00,27268.130859375,,,0.004725228944394936,0.004725228944394936,
2023-03-29 00:00:00+00:00,28348.44140625,,,0.039618063755315326,0.039618063755315326,
2023-03-30 00:00:00+00:00,28033.5625,,,-0.011107450379285348,-0.011107450379285348,
2023-03-31 00:00:00+00:00,28478.484375,,,0.01587104296858453,0.01587104296858453,
2023-04-01 00:00:00+00:00,28411.03515625,,,-0.0023684272611505506,-0.0023684272611505506,
2023-04-02 00:00:00+00:00,28199.30859375,,,-0.007452264985615047,-0.007452264985615047,
2023-04-03 00:00:00+00:00,27790.220703125,,,-0.014507018470504942,-0.014507018470504942,
2023-04-04 00:00:00+00:00,28168.08984375,,,0.013597198261275728,0.013597198261275728,
2023-04-05 00:00:00+00:00,28177.984375,,,0.0003512673846499897,0.0003512673846499897,
2023-04-06 00:00:00+00:00,28044.140625,,,-0.00474994052870398,-0.00474994052870398,
2023-04-07 00:00:00+00:00,27925.859375,,,-0.004217681389550513,-0.004217681389550513,
2023-04-08 00:00:00+00:00,27947.794921875,,,0.0007854922772631773,0.0007854922772631773,
2023-04-09 00:00:00+00:00,28333.05078125,,,0.013784839213681815,0.013784839213681815,
2023-04-10 00:00:00+00:00,29652.98046875,,,0.04658621825410667,0.04658621825410667,
2023-04-11 00:00:00+00:00,30235.05859375,,,0.019629666758571775,0.019629666758571775,
2023-04-12 00:00:00+00:00,30139.052734375,,,-0.003175315803583252,-0.003175315803583252,
2023-04-13 00:00:00+00:00,30399.06640625,,,0.008627134839524741,0.008627134839524741,
2023-04-14 00:00:00+00:00,30485.69921875,,,0.0028498510889199027,0.0028498510889199027,
2023-04-15 00:00:00+00:00,30318.49609375,,,-0.005484641300179297,-0.005484641300179297,
2023-04-16 00:00:00+00:00,30315.35546875,,,-0.00010358775680326121,-0.00010358775680326121,
2023-04-17 00:00:00+00:00,29445.044921875,,,-0.02870857139617389,-0.02870857139617389,
2023-04-18 00:00:00+00:00,30397.552734375,,,0.03234866222915398,0.03234866222915398,
2023-04-19 00:00:00+00:00,28822.6796875,,,-0.05180920518953681,-0.05180920518953681,
2023-04-20 00:00:00+00:00,28245.98828125,,,-0.020008250880992968,-0.020008250880992968,
2023-04-21 00:00:00+00:00,27276.91015625,,,-0.03430852251833882,-0.03430852251833882,
2023-04-22 00:00:00+00:00,27817.5,,,0.019818587979846165,0.019818587979846165,
2023-04-23 00:00:00+00:00,27591.384765625,,,-0.008128524647254427,-0.008128524647254427,
2023-04-24 00:00:00+00:00,27525.33984375,,,-0.0023936791297725192,-0.0023936791297725192,
2023-04-25 00:00:00+00:00,28307.59765625,,,0.028419551472953827,0.028419551472953827,
2023-04-26 00:00:00+00:00,28422.701171875,,,0.004066170397882083,0.004066170397882083,
2023-04-27 00:00:00+00:00,29473.787109375,,,0.03698050833184274,0.03698050833184274,
2023-04-28 00:00:00+00:00,29340.26171875,,,-0.004530309937080612,-0.004530309937080612,
2023-04-29 00:00:00+00:00,29248.48828125,,,-0.003127901120300909,-0.003127901120300909,
2023-04-30 00:00:00+00:00,29268.806640625,,,0.0006946806679244774,0.0006946806679244774,
2023-05-01 00:00:00+00:00,28091.568359375,,,-0.04022160164248027,-0.04022160164248027,
2023-05-02 00:00:00+00:00,28680.537109375,,,0.02096603302689732,0.02096603302689732,
2023-05-03 00:00:00+00:00,29006.30859375,,,0.011358625646815829,0.011358625646815829,
2023-05-04 00:00:00+00:00,28847.7109375,,,-0.0054676952683380435,-0.0054676952683380435,
2023-05-05 00:00:00+00:00,29534.384765625,,,0.02380340782021537,0.02380340782021537,
2023-05-06 00:00:00+00:00,28904.623046875,,,-0.02132300109677511,-0.02132300109677511,
2023-05-07 00:00:00+00:00,28454.978515625,,,-0.01555614582901862,-0.01555614582901862,
2023-05-08 00:00:00+00:00,27694.2734375,,,-0.026733637409259926,-0.026733637409259926,
2023-05-09 00:00:00+00:00,27658.775390625,,,-0.0012817829272579197,-0.0012817829272579197,
2023-05-10 00:00:00+00:00,27621.755859375,,,-0.0013384371045779505,-0.0013384371045779505,
2023-05-11 00:00:00+00:00,27000.7890625,,,-0.022481076150133297,-0.022481076150133297,
2023-05-12 00:00:00+00:00,26804.990234375,,,-0.007251596524522865,-0.007251596524522865,
2023-05-13 00:00:00+00:00,26784.078125,,,-0.0007801573211611207,-0.0007801573211611207,
2023-05-14 00:00:00+00:00,26930.638671875,,,0.0054719279936016095,0.0054719279936016095,
2023-05-15 00:00:00+00:00,27192.693359375,,,0.009730726801279937,0.009730726801279937,
2023-05-16 00:00:00+00:00,27036.650390625,,,-0.005738415341494754,-0.005738415341494754,
2023-05-17 00:00:00+00:00,27398.802734375,,,0.01339486728265632,0.01339486728265632,
2023-05-18 00:00:00+00:00,26832.208984375,,,-0.020679507622759805,-0.020679507622759805,
2023-05-19 00:00:00+00:00,26890.12890625,,,0.0021585968530853377,0.0021585968530853377,
2023-05-20 00:00:00+00:00,27129.5859375,,,0.008905016115201428,0.008905016115201428,
2023-05-21 00:00:00+00:00,26753.826171875,,,-0.013850552916312825,-0.013850552916312825,
2023-05-22 00:00:00+00:00,26851.27734375,,,0.003642513457661831,0.003642513457661831,
2023-05-23 00:00:00+00:00,27225.7265625,,,0.013945303754316856,0.013945303754316856,
2023-05-24 00:00:00+00:00,26334.818359375,,,-0.03272302765106418,-0.03272302765106418,
2023-05-25 00:00:00+00:00,26476.20703125,,,0.005368887301425668,0.005368887301425668,
2023-05-26 00:00:00+00:00,26719.291015625,,,0.009181223884829377,0.009181223884829377,
2023-05-27 00:00:00+00:00,26868.353515625,,,0.005578834405180538,0.005578834405180538,
2023-05-28 00:00:00+00:00,28085.646484375,,,0.045305826724443554,0.045305826724443554,
2023-05-29 00:00:00+00:00,27745.884765625,,,-0.012097343706829786,-0.012097343706829786,
2023-05-30 00:00:00+00:00,27702.349609375,,,-0.0015690671469931528,-0.0015690671469931528,
2023-05-31 00:00:00+00:00,27219.658203125,,,-0.017424204555076733,-0.017424204555076733,
2023-06-01 00:00:00+00:00,26819.97265625,,,-0.014683709247646372,-0.014683709247646372,
2023-06-02 00:00:00+00:00,27249.58984375,,,0.016018554269475887,0.016018554269475887,
2023-06-03 00:00:00+00:00,27075.12890625,,,-0.0064023326039167735,-0.0064023326039167735,
2023-06-04 00:00:00+00:00,27119.06640625,,,0.0016227992912660706,0.0016227992912660706,
2023-06-05 00:00:00+00:00,25760.09765625,,,-0.050111192238048614,-0.050111192238048614,
2023-06-06 00:00:00+00:00,27238.783203125,,,0.05740217163020873,0.05740217163020873,
2023-06-07 00:00:00+00:00,26345.998046875,,,-0.03277624957004593,-0.03277624957004593,
2023-06-08 00:00:00+00:00,26508.216796875,,,0.0061572444403654465,0.0061572444403654465,
2023-06-09 00:00:00+00:00,26480.375,,,-0.0010503081775867402,-0.0010503081775867402,
2023-06-10 00:00:00+00:00,25851.240234375,,,-0.023758529311801665,-0.023758529311801665,
2023-06-11 00:00:00+00:00,25940.16796875,,,0.003439979419507723,0.003439979419507723,
2023-06-12 00:00:00+00:00,25902.5,,,-0.001452109670044482,-0.001452109670044482,
2023-06-13 00:00:00+00:00,25918.728515625,,,0.0006265231396583342,0.0006265231396583342,
2023-06-14 00:00:00+00:00,25124.67578125,,,-0.03063625339091416,-0.03063625339091416,
2023-06-15 00:00:00+00:00,25576.39453125,,,0.01797908772765569,0.01797908772765569,
2023-06-16 00:00:00+00:00,26327.462890625,,,0.029365685552642,0.029365685552642,
2023-06-17 00:00:00+00:00,26510.67578125,,,0.006959002900740605,0.006959002900740605,
2023-06-18 00:00:00+00:00,26336.212890625,,,-0.006580854145875489,-0.006580854145875489,
2023-06-19 00:00:00+00:00,26851.029296875,,,0.01954785254767063,0.01954785254767063,
2023-06-20 00:00:00+00:00,28327.48828125,,,0.05498705349618886,0.05498705349618886,
2023-06-21 00:00:00+00:00,30027.296875,,,0.0600056234027323,0.0600056234027323,
2023-06-22 00:00:00+00:00,29912.28125,,,-0.0038303689299371874,-0.0038303689299371874,
2023-06-23 00:00:00+00:00,30695.46875,,,0.026182807437998397,0.026182807437998397,
2023-06-24 00:00:00+00:00,30548.6953125,,,-0.004781599482822689,-0.004781599482822689,
2023-06-25 00:00:00+00:00,30480.26171875,,,-0.0022401478377375465,-0.0022401478377375465,
2023-06-26 00:00:00+00:00,30271.130859375,,,-0.006861189753050995,-0.006861189753050995,
2023-06-27 00:00:00+00:00,30688.1640625,,,0.01377659807498881,0.01377659807498881,
2023-06-28 00:00:00+00:00,30086.24609375,,,-0.019614010389286382,-0.019614010389286382,
2023-06-29 00:00:00+00:00,30445.3515625,,,0.011935868224670248,0.011935868224670248,
2023-06-30 00:00:00+00:00,30477.251953125,,,0.0010477918298796127,0.0010477918298796127,100.0
2023-07-01 00:00:00+00:00,30590.078125,30377.324853350085,212.7532716499154,0.003701979825757595,0.003701979825757595,100.0
2023-07-02 00:00:00+00:00,30620.76953125,30491.19135701589,129.5781742341096,0.0010033124506771752,0.0010033124506771752,100.0
2023-07-03 00:00:00+00:00,31156.439453125,30443.36778198703,713.0716711379682,0.017493679292688007,0.017493679292688007,100.0
2023-07-04 00:00:00+00:00,30777.58203125,30678.346660553525,99.235370696475,-0.012159843310882575,-0.012159843310882575,100.0
2023-07-05 00:00:00+00:00,30514.166015625,31119.36410641238,-605.1980907873804,-0.008558697540227192,-0.008558697540227192,100.0
2023-07-06 00:00:00+00:00,29909.337890625,30752.720255735265,-843.3823651102648,-0.01982122417143216,-0.01982122417143216,100.0
2023-07-07 00:00:00+00:00,30342.265625,30327.719138866116,14.546486133884173,0.014474667943441837,0.014474667943441837,100.0
2023-07-08 00:00:00+00:00,30292.541015625,29787.40999456448,505.13102106051883,-0.001638790260079664,-0.001638790260079664,100.0
2023-07-09 00:00:00+00:00,30171.234375,30259.920935209582,-88.68656020958224,-0.0040045052860514276,-0.0040045052860514276,100.0
2023-07-10 00:00:00+00:00,30414.470703125,30273.11339633012,141.35730679487824,0.008061862007427397,0.008061862007427397,100.0
2023-07-11 00:00:00+00:00,30620.951171875,30155.57047799779,465.38069387721043,0.006788889103658961,0.006788889103658961,100.0
2023-07-12 00:00:00+00:00,30391.646484375,30334.33445330494,57.312031070061494,-0.007488490028050265,-0.007488490028050265,100.0
2023-07-13 00:00:00+00:00,31476.048828125,30578.997703063527,897.0511250614727,0.03568093437476363,0.03568093437476363,100.0
2023-07-14 00:00:00+00:00,30334.068359375,30375.68218510718,-41.613825732179976,-0.03628093459206985,-0.03628093459206985,100.0
2023-07-15 00:00:00+00:00,30295.806640625,31413.798000658284,-1117.9913600332839,-0.0012613447789694484,-0.0012613447789694484,100.0
2023-07-16 00:00:00+00:00,30249.1328125,30373.786826557487,-124.65401405748707,-0.0015406035785300062,-0.0015406035785300062,100.0
2023-07-17 00:00:00+00:00,30145.888671875,30201.42345708585,-55.534785210849805,-0.0034131272874816402,-0.0034131272874816402,100.0
2023-07-18 00:00:00+00:00,29856.5625,30125.10701859002,-268.54451859002074,-0.009597533349379433,-0.009597533349379433,100.0
2023-07-19 00:00:00+00:00,29913.923828125,29913.55537069982,0.3684574251783488,0.001921230152499974,0.001921230152499974,100.0
2023-07-20 00:00:00+00:00,29792.015625,29774.09664287944,17.918982120558212,-0.004075299643919739,-0.004075299643919739,100.0
2023-07-21 00:00:00+00:00,29908.744140625,29863.9439141884,44.8002264366005,0.003918114071041476,0.003918114071041476,100.0
2023-07-22 00:00:00+00:00,29771.802734375,29712.255457576674,59.54727679832649,-0.00457864113605468,-0.00457864113605468,100.0
2023-07-23 00:00:00+00:00,30084.5390625,29871.608717385963,212.93034511403675,0.010504447141318374,0.010504447141318374,100.0
2023-07-24 00:00:00+00:00,29176.916015625,29744.133671671047,-567.2176560460466,-0.030169086020877107,-0.030169086020877107,100.0
2023-07-25 00:00:00+00:00,29227.390625,30030.7054732186,-803.3148482186007,0.0017299501204297784,0.0017299501204297784,100.0
2023-07-26 00:00:00+00:00,29354.97265625,29182.07558198566,172.8970742643396,0.004365152978824978,0.004365152978824978,100.0
2023-07-27 00:00:00+00:00,29210.689453125,29089.05456029114,121.63489283385934,-0.004915119656712761,-0.004915119656712761,100.0
2023-07-28 00:00:00+00:00,29319.24609375,29272.697662583436,46.548431166564114,0.0037163327075590974,0.0037163327075590974,100.0
2023-07-29 00:00:00+00:00,29356.91796875,29232.178934872172,124.73903387782775,0.0012848855280774268,0.0012848855280774268,100.0
2023-07-30 00:00:00+00:00,29275.30859375,29278.551722958608,-3.24312920860757,-0.0027799026821164253,-0.0027799026821164253,100.0
2023-07-31 00:00:00+00:00,29230.111328125,29478.155137305897,-248.04380918089737,-0.001543869827375592,-0.001543869827375592,100.0
2023-08-01 00:00:00+00:00,29675.732421875,29188.868738498822,486.8636833761775,0.01524527528299992,0.01524527528299992,100.0
2023-08-02 00:00:00+00:00,29151.958984375,29140.530597757705,11.428386617295473,-0.017649890828436928,-0.017649890828436928,100.0
2023-08-03 00:00:00+00:00,29178.6796875,29676.762315651824,-498.0826281518239,0.000916600600986091,0.000916600600986091,100.0
2023-08-04 00:00:00+00:00,29074.091796875,29050.144984773957,23.94681210104318,-0.003584394213347663,-0.003584394213347663,100.0
2023-08-05 00:00:00+00:00,29042.126953125,29201.727577930134,-159.60062480513443,-0.0010994270766330769,-0.0010994270766330769,100.0
2023-08-06 00:00:00+00:00,29041.85546875,28972.801988097053,69.05348065294675,-9.347950838386775e-06,-9.347950838386775e-06,100.0
2023-08-07 00:00:00+00:00,29180.578125,28974.07306362904,206.5050613709609,0.004776645775930887,0.004776645775930887,100.0
2023-08-08 00:00:00+00:00,29765.4921875,29044.017275230275,721.4749122697249,0.020044635853149327,0.020044635853149327,100.0
2023-08-09 00:00:00+00:00,29561.494140625,29094.710225199426,466.7839154255744,-0.006853508270246875,-0.006853508270246875,100.0
2023-08-10 00:00:00+00:00,29429.591796875,29821.126050207247,-391.5342533322473,-0.004461964714047815,-0.004461964714047815,100.0
2023-08-11 00:00:00+00:00,29397.71484375,29619.69434118936,-221.97949743935897,-0.0010831598801987077,-0.0010831598801987077,100.0
2023-08-12 00:00:00+00:00,29415.96484375,29333.548463150903,82.41638059909747,0.0006207965516027168,0.0006207965516027168,100.0
2023-08-13 00:00:00+00:00,29282.9140625,29199.93924453056,82.97481796943975,-0.004523080645381899,-0.004523080645381899,100.0
2023-08-14 00:00:00+00:00,29408.443359375,29236.960565535832,171.48279383916815,0.004286776125049457,0.004286776125049457,100.0
2023-08-15 00:00:00+00:00,29170.34765625,29267.282407615843,-96.93475136584311,-0.008096168172365996,-0.008096168172365996,100.0
2023-08-16 00:00:00+00:00,28701.779296875,29365.480636166256,-663.7013392912559,-0.01606317363429178,-0.01606317363429178,100.0
2023-08-17 00:00:00+00:00,26664.55078125,29146.989566558244,-2482.4387853082444,-0.07097917151940507,-0.07097917151940507,100.0
2023-08-18 00:00:00+00:00,26049.556640625,28665.052191659524,-2615.4955510345244,-0.023064110311487116,-0.023064110311487116,100.0
2023-08-19 00:00:00+00:00,26096.205078125,26651.683925065034,-555.4788469400337,0.0017907574452630214,0.0017907574452630214,100.0
2023-08-20 00:00:00+00:00,26189.583984375,25816.565392691504,373.0185916834962,0.0035782561476064715,0.0035782561476064715,100.0
2023-08-21 00:00:00+00:00,26124.140625,26049.154255100235,74.98636989976512,-0.002498831574187824,-0.002498831574187824,100.0
2023-08-22 00:00:00+00:00,26031.65625,26273.09355067688,-241.4373006768801,-0.003540188223894925,-0.003540188223894925,100.0
2023-08-23 00:00:00+00:00,26431.640625,26157.58787039839,274.0527546016092,0.015365306423789304,0.015365306423789304,100.0
2023-08-24 00:00:00+00:00,26162.373046875,25992.904632105896,169.46841476910413,-0.010187319884726225,-0.010187319884726225,100.0
2023-08-25 00:00:00+00:00,26047.66796875,26383.009349663404,-335.34138091340355,-0.004384352975912524,-0.004384352975912524,100.0
2023-08-26 00:00:00+00:00,26008.462890625,26180.83614769341,-172.37325706841148,-0.001505128143219395,-0.001505128143219395,100.0
2023-08-27 00:00:00+00:00,26089.693359375,26025.58616929943,64.10719007557054,0.003123232199134702,0.003123232199134702,100.0
2023-08-28 00:00:00+00:00,26106.150390625,26081.01906086289,25.13132976210909,0.0006307866874213903,0.0006307866874213903,100.0
2023-08-29 00:00:00+00:00,27727.392578125,26071.676012643038,1655.7165654819619,0.062101924766441455,0.062101924766441455,100.0
2023-08-30 00:00:00+00:00,27297.265625,25999.02018638985,1298.245438610149,-0.01551270830508385,-0.01551270830508385,100.0
2023-08-31 00:00:00+00:00,25931.47265625,27610.421166939555,-1678.9485106895554,-0.050034057898427325,-0.050034057898427325,100.0
2023-09-01 00:00:00+00:00,25800.724609375,27499.374920267164,-1698.6503108921643,-0.005042060225742217,-0.005042060225742217,100.0
2023-09-02 00:00:00+00:00,25868.798828125,26044.06121251116,-175.26238438615837,0.0026384615075990703,0.0026384615075990703,100.0
2023-09-03 00:00:00+00:00,25969.56640625,25702.207257876704,267.3591483732962,0.003895332705415134,0.003895332705415134,100.0
2023-09-04 00:00:00+00:00,25812.416015625,25838.209070450604,-25.793054825604486,-0.006051329012069266,-0.006051329012069266,100.0
2023-09-05 00:00:00+00:00,25779.982421875,25980.849920568617,-200.86749869361665,-0.001256511352148013,-0.001256511352148013,100.0
2023-09-06 00:00:00+00:00,25753.236328125,25760.875833916503,-7.639505791503325,-0.0010374752516241138,-0.0010374752516241138,100.0
2023-09-07 00:00:00+00:00,26240.1953125,25651.30994944094,588.8853630590602,0.018908652030005028,0.018908652030005028,100.0
2023-09-08 00:00:00+00:00,25905.654296875,25749.878956578657,155.77534029634262,-0.01274918161396593,-0.01274918161396593,100.0
2023-09-09 00:00:00+00:00,25895.677734375,26220.140670942208,-324.4629365672081,-0.00038511138864396385,-0.00038511138864396385,100.0
2023-09-10 00:00:00+00:00,25832.2265625,25913.165586373136,-80.93902387313574,-0.002450261102483998,-0.002450261102483998,100.0
2023-09-11 00:00:00+00:00,25162.654296875,25971.149735719653,-808.4954388446531,-0.02592003689674205,-0.02592003689674205,100.0
2023-09-12 00:00:00+00:00,25833.34375,25807.204313105383,26.139436894616665,0.02665416156865034,0.02665416156865034,100.0
2023-09-13 00:00:00+00:00,26228.32421875,24983.814162656436,1244.5100560935643,0.015289560367112756,0.015289560367112756,100.0
2023-09-14 00:00:00+00:00,26539.673828125,25788.948538463195,750.7252896618047,0.011870739692642034,0.011870739692642034,100.0
2023-09-15 00:00:00+00:00,26608.693359375,26224.56839071092,384.12496866408037,0.0026006171627044506,0.0026006171627044506,100.0
2023-09-16 00:00:00+00:00,26568.28125,26558.25265493151,10.028595068488357,-0.001518755875352356,-0.001518755875352356,100.0
2023-09-17 00:00:00+00:00,26534.1875,26834.79788262393,-300.6103826239305,-0.0012832501161511905,-0.0012832501161511905,100.0
2023-09-18 00:00:00+00:00,26754.28125,26548.30379035639,205.97745964361093,0.008294723552398204,0.008294723552398204,100.0
2023-09-19 00:00:00+00:00,27211.1171875,26504.21098971229,706.90619778771,0.017075246134672373,0.017075246134672373,100.0
2023-09-20 00:00:00+00:00,27132.0078125,26874.952479465137,257.055333034863,-0.0029072446550022783,-0.0029072446550022783,100.0
2023-09-21 00:00:00+00:00,26567.6328125,27028.075287390082,-460.44247489008194,-0.02080107760178318,-0.02080107760178318,100.0
2023-09-22 00:00:00+00:00,26579.568359375,27218.268862219713,-638.7005028447129,0.00044925142406305606,0.00044925142406305606,100.0
2023-09-23 00:00:00+00:00,26579.390625,26604.20956609446,-24.81894109446148,-6.686879658725176e-06,-6.686879658725176e-06,100.0
2023-09-24 00:00:00+00:00,26256.826171875,26387.81189012513,-130.98571825012914,-0.012135885945466442,-0.012135885945466442,100.0
2023-09-25 00:00:00+00:00,26298.48046875,26625.35733790225,-326.8768691522491,0.0015864178176880342,0.0015864178176880342,100.0
2023-09-26 00:00:00+00:00,26217.25,26229.983960227048,-12.733960227047646,-0.0030887894396227442,-0.0030887894396227442,100.0
2023-09-27 00:00:00+00:00,26352.716796875,26271.83322073657,80.88357613842891,0.005167086436411141,0.005167086436411141,100.0
2023-09-28 00:00:00+00:00,27021.546875,26264.554064804724,756.9928101952755,0.02537992888096882,0.02537992888096882,100.0
2023-09-29 00:00:00+00:00,26911.720703125,26329.456644134527,582.2640589904731,-0.004064392478456139,-0.004064392478456139,100.0
2023-09-30 00:00:00+00:00,26967.916015625,27016.201179024483,-48.28516339948328,0.0020881352448591135,0.0020881352448591135,100.0
2023-10-01 00:00:00+00:00,27983.75,26930.183648077105,1053.5663519228947,0.03766824191333263,0.03766824191333263,100.0
2023-10-02 00:00:00+00:00,27530.78515625,26961.884256211346,568.9009000386541,-0.01618670992093626,-0.01618670992093626,100.0
2023-10-03 00:00:00+00:00,27429.978515625,27962.091226655837,-532.1127110308371,-0.003661597010505711,-0.003661597010505711,100.0
2023-10-04 00:00:00+00:00,27799.39453125,27548.24579298852,251.1487382614796,0.013467601347721389,0.013467601347721389,100.0
2023-10-05 00:00:00+00:00,27415.912109375,27416.45986091474,-0.5477515397396928,-0.013794632161643583,-0.013794632161643583,100.0
2023-10-06 00:00:00+00:00,27946.59765625,27748.808989513007,197.78866673699304,0.01935684447622407,0.01935684447622407,100.0
2023-10-07 00:00:00+00:00,27968.83984375,27386.788110233887,582.051733516113,0.0007958817661306881,0.0007958817661306881,100.0
2023-10-08 00:00:00+00:00,27935.08984375,27913.978120310185,21.11172343981525,-0.0012067000343434651,-0.0012067000343434651,100.0
2023-10-09 00:00:00+00:00,27583.677734375,27971.22278140838,-387.5450470333817,-0.01257959474412152,-0.01257959474412152,100.0
2023-10-10 00:00:00+00:00,27391.01953125,27975.932578836608,-584.9130475866077,-0.006984500217130503,-0.006984500217130503,100.0
2023-10-11 00:00:00+00:00,26873.3203125,27600.682940555416,-727.3626280554163,-0.018900326735168248,-0.018900326735168248,100.0
2023-10-12 00:00:00+00:00,26756.798828125,27331.626789612743,-574.8279614877429,-0.004335954136668425,-0.004335954136668425,100.0
2023-10-13 00:00:00+00:00,26862.375,26763.96939978438,98.40560021562123,0.003945769916393183,0.003945769916393183,100.0
2023-10-14 00:00:00+00:00,26861.70703125,26752.674387088147,109.03264416185266,-2.4866332556224087e-05,-2.4866332556224087e-05,100.0
2023-10-15 00:00:00+00:00,27159.65234375,26838.431147132993,321.2211966170071,0.011091823470242622,0.011091823470242622,100.0
2023-10-16 00:00:00+00:00,28519.466796875,26795.19759981421,1724.2691970607884,0.05006744695824214,0.05006744695824214,100.0
2023-10-17 00:00:00+00:00,28415.748046875,27205.103617949397,1210.6444289256033,-0.003636770306356671,-0.003636770306356671,100.0
2023-10-18 00:00:00+00:00,28328.341796875,28465.63551227993,-137.29371540492866,-0.0030759792019486335,-0.0030759792019486335,100.0
2023-10-19 00:00:00+00:00,28719.806640625,28447.058677069843,272.7479635551572,0.013818840741083683,0.013818840741083683,100.0
2023-10-20 00:00:00+00:00,29682.94921875,28353.52917075887,1329.4200479911306,0.033535830870205334,0.033535830870205334,100.0
2023-10-21 00:00:00+00:00,29918.412109375,28587.260562605767,1331.1515467692334,0.007932597562652697,0.007932597562652697,100.0
2023-10-22 00:00:00+00:00,29993.896484375,29713.027837075017,280.8686472999834,0.0025230073950464373,0.0025230073950464373,100.0
2023-10-23 00:00:00+00:00,33086.234375,30047.570666648033,3038.663708351967,0.10309890521346303,0.10309890521346303,100.0
2023-10-24 00:00:00+00:00,33901.52734375,29850.716888996372,4050.8104547536277,0.024641455401344686,0.024641455401344686,100.0
2023-10-25 00:00:00+00:00,34502.8203125,32999.035860131786,1503.7844523682143,0.01773645661014305,0.01773645661014305,100.0
2023-10-26 00:00:00+00:00,34156.6484375,34113.64573473563,43.002702764366404,-0.010033147199696764,-0.010033147199696764,100.0
2023-10-27 00:00:00+00:00,33909.80078125,34702.67248801827,-792.8717067682664,-0.007226928505637285,-0.007226928505637285,100.0
2023-10-28 00:00:00+00:00,34089.57421875,34018.45194215954,71.12227659046039,0.005301518539129946,0.005301518539129946,100.0
2023-10-29 00:00:00+00:00,34538.48046875,33684.61121553034,853.8692532196583,0.013168432293093644,0.013168432293093644,100.0
2023-10-30 00:00:00+00:00,34502.36328125,34059.40459175478,442.95868949522264,-0.0010457086417764788,-0.0010457086417764788,100.0
2023-10-31 00:00:00+00:00,34667.78125,34632.92615527735,34.855094722646754,0.004794395311462474,0.004794395311462474,100.0
2023-11-01 00:00:00+00:00,35437.25390625,34416.382577653574,1020.8713285964259,0.022195613001625248,0.022195613001625248,100.0
2023-11-02 00:00:00+00:00,34938.2421875,34694.774628503335,243.4675589966646,-0.014081557224217937,-0.014081557224217937,100.0
2023-11-03 00:00:00+00:00,34732.32421875,35387.76075721251,-655.4365384625125,-0.005893770145759426,-0.005893770145759426,100.0
2023-11-04 00:00:00+00:00,35082.1953125,34939.528200244255,142.66711225574545,0.010073356782761016,0.010073356782761016,100.0
2023-11-05 00:00:00+00:00,35049.35546875,34655.41016602564,393.94530272435804,-0.000936082917772793,-0.000936082917772793,100.0
2023-11-06 00:00:00+00:00,35037.37109375,34998.5481197813,38.82297396870126,-0.00034192854161570153,-0.00034192854161570153,100.0
2023-11-07 00:00:00+00:00,35443.5625,34984.83244824778,458.7300517522235,0.011593090279608816,0.011593090279608816,100.0
2023-11-08 00:00:00+00:00,35655.27734375,34978.9281228278,676.3492209222022,0.005973294692089713,0.005973294692089713,100.0
2023-11-09 00:00:00+00:00,36693.125,35390.39062573803,1302.7343742619705,0.02910782732789271,0.02910782732789271,100.0
2023-11-10 00:00:00+00:00,37313.96875,35625.29273830644,1688.676011693562,0.016919893031732785,0.016919893031732785,100.0
2023-11-11 00:00:00+00:00,37138.05078125,36699.70840367797,438.34237757202936,-0.004714533850007579,-0.004714533850007579,100.0
2023-11-12 00:00:00+00:00,37054.51953125,37383.1145956198,-328.59506436980155,-0.002249209321512713,-0.002249209321512713,100.0
2023-11-13 00:00:00+00:00,36502.35546875,37178.746367713284,-676.3908989632837,-0.014901395821212346,-0.014901395821212346,100.0
2023-11-14 00:00:00+00:00,35537.640625,37013.831419598326,-1476.1907945983257,-0.026428838121854936,-0.026428838121854936,100.0
2023-11-15 00:00:00+00:00,37880.58203125,36393.870460256134,1486.7115709938662,0.06592844558740314,0.06592844558740314,100.0
2023-11-16 00:00:00+00:00,36154.76953125,35356.761327837135,798.0082034128645,-0.04555929205565722,-0.04555929205565722,100.0
2023-11-17 00:00:00+00:00,36596.68359375,37736.125823624105,-1139.4422298741047,0.01222284274604589,0.01222284274604589,100.0
2023-11-18 00:00:00+00:00,36585.703125,36273.37115817649,312.33196682351263,-0.0003000399946588398,-0.0003000399946588398,100.0
2023-11-19 00:00:00+00:00,37386.546875,36482.18162569692,904.3652493030822,0.0218895273725862,0.0218895273725862,100.0
2023-11-20 00:00:00+00:00,37476.95703125,36426.128328026745,1050.8287032232547,0.0024182537251242198,0.0024182537251242198,100.0
2023-11-21 00:00:00+00:00,35813.8125,37301.60829622188,-1487.7957962218788,-0.044377790060788395,-0.044377790060788395,100.0
2023-11-22 00:00:00+00:00,37432.33984375,37477.01655958901,-44.67671583900665,0.045192824521265364,0.045192824521265364,100.0
2023-11-23 00:00:00+00:00,37289.62109375,35826.8043666946,1462.8167270553968,-0.0038127124992916907,-0.0038127124992916907,100.0
2023-11-24 00:00:00+00:00,37720.28125,37146.56626838915,573.7149816108504,0.011549062275727485,0.011549062275727485,100.0
2023-11-25 00:00:00+00:00,37796.79296875,37275.45892684261,521.3340419073866,0.0020283973558654204,0.0020283973558654204,100.0
2023-11-26 00:00:00+00:00,37479.12109375,37695.198449067924,-216.07735531792423,-0.00840473093213617,-0.00840473093213617,100.0
2023-11-27 00:00:00+00:00,37254.16796875,37719.2408648058,-465.0728960557972,-0.006002091789647465,-0.006002091789647465,100.0
2023-11-28 00:00:00+00:00,37831.0859375,37505.16070118274,325.9252363172636,0.01548599794884528,0.01548599794884528,100.0
2023-11-29 00:00:00+00:00,37858.4921875,37170.3770823238,688.115105176199,0.0007244373065387901,0.0007244373065387901,100.0
2023-11-30 00:00:00+00:00,37712.74609375,37702.536194866414,10.209898883585993,-0.003849759600254814,-0.003849759600254814,
